customer_id,max_number_item,max_revenue,total_revenue,total_orders,days_since_last_order,longest_interval,predicted_clv
005737793e3bb620f04b2b28897f85f1,1.0,16.39,16.39,1.0,46.0,46.0,126.78
006f35540a6aec421a58c06d4a6f4c06,1.0,42.01,42.01,1.0,46.0,46.0,178.01999999999998
00739721734f20419f6544459a1f9983,1.0,14.87,14.87,1.0,46.0,46.0,123.74
00ba1d4d5248fa9fe187eba2a813a35d,1.0,5.4211360000000015,5.4211360000000015,1.0,46.0,46.0,104.84227200000001
014704eb665f279d29a1c73e602748da,1.0,16.39,16.39,1.0,46.0,46.0,126.78
014a592dd7b91271d54ae0ef7c64fabd,1.0,21.0,21.0,1.0,46.0,46.0,136.0
017bce1477d8d6fb752d8a680b882caf,3.0,5.01,5.01,3.0,46.0,46.0,108.02
018019edfea917eef7c7928fcbf6dabc,1.0,12.29,12.29,1.0,46.0,46.0,118.58
01ab577a302b3c7bbf5764d6a6ec33d9,1.0,16.38,16.38,1.0,46.0,46.0,126.75999999999999
021d85b825c871173d2e0ac90386d45b,4.0,66.36,66.36,4.0,46.0,0.0,186.72
033825380578d09f756b8a4d3b9e9bc0,1.0,13.45776,13.45776,1.0,46.0,46.0,120.91552
03c46160d2413abf9d51a7d0f17a86ad,1.0,7.49,7.49,1.0,46.0,46.0,108.98
03c9fd0e00e2cef5d72d0af8e869aabe,1.0,16.66,16.66,1.0,46.0,46.0,127.32
03ce4a71163e10f6ed64c0230d1a8241,1.0,21.07536,21.07536,1.0,46.0,46.0,136.15072
03f2c83f0b8d639424946b4b99337aa2,1.0,12.39,12.39,1.0,46.0,46.0,118.78
045373cb9014e00ad3ca6b459dd16931,1.0,10.65,10.65,1.0,46.0,46.0,115.3
0490b31c4bfcc8dd726715a3ac3ed3b6,1.0,29.53936,29.53936,1.0,46.0,46.0,153.07872
04ae6bf0b52764bfc8ecd62fad077af7,1.0,29.16,29.16,1.0,46.0,46.0,152.32
0536973a6513d7c3426c1707bcd6ef17,1.0,10.73,10.73,1.0,46.0,46.0,115.46000000000001
05d7891fc812b7fac7a9ac091c3853fb,2.0,23.95,23.95,2.0,46.0,0.0,97.9
063aed618cce07627f53a52d4f972e53,1.0,29.4,29.4,1.0,46.0,46.0,152.8
06c6f604d08d6be029334cfeccb6eb97,1.0,8.19,8.19,1.0,46.0,46.0,110.38
06e9fc18e1a58aa80d71ad6f27d2dafe,1.0,42.01,42.01,1.0,46.0,46.0,178.01999999999998
06ee77bfa04e838d58e44bad5b6653f4,1.0,12.59,12.59,1.0,46.0,46.0,119.18
06fa6ffe1a84c98c208fb483cdf22532,1.0,14.99,14.99,1.0,46.0,46.0,123.98
07782a45102c46430d3d94fdb08b7650,1.0,29.4,29.4,1.0,46.0,46.0,152.8
07b97b39672b9e35bc24474cbb87f0ff,1.0,11.46,11.46,1.0,46.0,46.0,116.92
07c3cef6684869cce2ebcce43c1f278e,1.0,12.29,12.29,1.0,46.0,46.0,118.58
0851ae4ec13e4cecda2050a241151b06,1.0,21.0,21.0,1.0,46.0,46.0,136.0
08541be413e7874b9f3f7178fd9e48ef,1.0,10.92,10.92,1.0,46.0,46.0,115.84
0862db9922929168c84677f22710d70e,1.0,16.79,16.79,1.0,46.0,46.0,127.58
0891b83b79753dd844b4a090e6ebed79,1.0,5.53871,5.53871,1.0,46.0,46.0,105.07742
08a9a4a4ebfe9f9433aea7537ff84f10,1.0,19.101689999999998,19.101689999999998,1.0,46.0,46.0,132.20337999999998
08bdcc280fa411a7930ef14b5b9626d2,1.0,10.08,10.08,1.0,46.0,46.0,114.16
0955a90a31f5340323a8640ef4bdfdd6,1.0,23.13,23.13,1.0,46.0,46.0,140.26
0987f3e9a97f630092133d1518bd2308,1.0,12.6,12.6,1.0,46.0,46.0,119.2
0a113298f44537da3c16af001e45ce5e,2.0,20.810000000000002,20.810000000000002,2.0,46.0,0.0,91.62
0a2882028eb4006d1854323a76ce184a,1.0,12.39,12.39,1.0,46.0,46.0,118.78
0a90b487e15d8670e2b7d4298ed433e6,1.0,9.91,9.91,1.0,46.0,46.0,113.82
0aa9972f02a8d5ba779c7f97aa1c5f4d,2.0,20.15,20.15,2.0,46.0,0.0,90.3
0baf8b6ed0f8853f9bd6996d9f390ff6,1.0,21.92176,21.92176,1.0,46.0,46.0,137.84352
0be3273e13be0069559f2436bd39014c,1.0,42.01,42.01,1.0,46.0,46.0,178.01999999999998
0c9a277a063c3548b14899450e178211,2.0,23.32,23.32,2.0,46.0,46.0,142.64
0d325cd3b05f6c0adb6931627c343c78,1.0,16.39,16.39,1.0,46.0,46.0,126.78
0d75b30204274bae4a2ccd061c01e12a,1.0,16.52,16.52,1.0,46.0,46.0,127.03999999999999
0e1a95fd7479f8ee55b8a57184e16fe8,1.0,16.39,16.39,1.0,46.0,46.0,126.78
0e4433caf71eaf528e7ea132a7811b3b,3.0,44.510000000000005,44.510000000000005,3.0,46.0,0.0,141.02
0e92016e16f0392bae19826db3aedb9b,1.0,16.8,16.8,1.0,46.0,46.0,127.6
0ecf354d91d0f7e2f515811dc7cafe43,1.0,12.59,12.59,1.0,46.0,46.0,119.18
0ef6562ebb0245b6f01adc0c59e68b58,1.0,3.32,3.32,1.0,46.0,46.0,100.64
0f9002be5586d2cb9be4436c39c27ece,1.0,3.27,3.27,1.0,46.0,46.0,100.53999999999999
0fe304393ec328a20d9e136e3cf33204,1.0,6.66,6.66,1.0,46.0,46.0,107.32
100a47df2c484c81f474b3956fcb0856,1.0,4.95,4.95,1.0,46.0,46.0,103.9
106f6415b07fa8bab076e1e5ca6db193,1.0,10.65,10.65,1.0,46.0,46.0,115.3
106fdf7985f74854bbfecd1aa3197583,1.0,20.82,20.82,1.0,46.0,46.0,135.64
10b9ca1fb21e720693ae4b57a8ec43ff,1.0,11.47,11.47,1.0,46.0,46.0,116.94
10edfbb789974b8f7b842373ec87ab41,2.0,26.03,26.03,2.0,46.0,0.0,102.06
117552574d12c5b9291ec93a1fd1c301,2.0,14.28,14.28,2.0,46.0,0.0,78.56
11ab4c1a21204daf9b6fd6d4416e413a,1.0,25.2,25.2,1.0,46.0,46.0,144.4
11e5ea4039a90d2b98e29d5318c51fe4,1.0,3.36,3.36,1.0,46.0,46.0,100.72
12474ec3e4d707562d100052e300d30d,1.0,33.05,33.05,1.0,46.0,46.0,160.1
1278f55c377d93783391842009c55374,1.0,8.39,8.39,1.0,46.0,46.0,110.78
12d5bb33412f402ab96193e9f1a078f8,1.0,24.79,24.79,1.0,46.0,46.0,143.57999999999998
131444369752540a86f4580604aa1944,1.0,4.26,4.26,1.0,46.0,46.0,102.52
13497855e2ed5c629a89c3b1d537cdf1,1.0,1.67,1.67,1.0,46.0,46.0,97.34
13654f091182abce054108e55b6acda7,1.0,7.55,7.55,1.0,46.0,46.0,109.1
137b29ac9c88aa38580b2cf696c9760d,1.0,5.03,5.03,1.0,46.0,46.0,104.06
13912495cfb1fb7457bea891f66c14a6,1.0,13.44,13.44,1.0,46.0,46.0,120.88
141a937481a02cd26e55e9eb68fc11d1,1.0,10.92,10.92,1.0,46.0,46.0,115.84
1441963b8e297114f9f01abac6c8ca41,1.0,20.82,20.82,1.0,46.0,46.0,135.64
144bec953a40ac329ad33e57cdb9c13c,1.0,7.55,7.55,1.0,46.0,46.0,109.1
1457aac20ba89008d70b36e39f83e786,1.0,11.56,11.56,1.0,46.0,46.0,117.12
1469706b356897ad99493d76dd5e727d,1.0,8.26,8.26,1.0,46.0,46.0,110.52
164d003410785ba5c1091341666a87c1,1.0,24.79,24.79,1.0,46.0,46.0,143.57999999999998
1659ae138779dbc389a3bb4844b68ad5,2.0,27.71,27.71,2.0,46.0,0.0,105.42
16d0a0609bd581546103a55484c1ca06,2.0,19.31,19.31,2.0,46.0,0.0,88.62
1783e45d52b7c5b886187ca4c709a869,2.0,16.38,16.38,2.0,46.0,46.0,128.76
17ed5585bbbdc7c8c6cc23a448f5a821,1.0,40.061671000000004,40.061671000000004,1.0,46.0,46.0,174.123342
18551fbfbdac947fc47a2622d3caa32e,1.0,42.01,42.01,1.0,46.0,46.0,178.01999999999998
18759e5363f4e28d1cd22326c566b9b2,1.0,19.38256,19.38256,1.0,46.0,46.0,132.76512
18992ffd7463f595790ed919204785ed,1.0,18.099424,18.099424,1.0,46.0,46.0,130.198848
18c8810722627c0a128d48a120ac0988,2.0,15.1,15.1,2.0,46.0,0.0,80.2
190c1b52e5f1b25969268c61ff8ceec9,1.0,28.92,28.92,1.0,46.0,46.0,151.84
1915e1690f4ef3ed105a816ff72ee6f5,2.0,13.43,13.43,2.0,46.0,0.0,76.86
1931fb9ef047471cc67b039ffad10e30,2.0,23.32,23.32,2.0,46.0,0.0,96.64
196cfb9eac6ac0b76176d80c2e896dcd,1.0,6.71,6.71,1.0,46.0,46.0,107.42
197b81fe0bfea8c542c8f20ff197ffa4,1.0,7.532960000000001,7.532960000000001,1.0,46.0,46.0,109.06592
19844914273f2cfda8c6a5367fd7bc26,1.0,23.13,23.13,1.0,46.0,46.0,140.26
19b2f0564be393d83b00b6e101aea849,1.0,12.29,12.29,1.0,46.0,46.0,118.58
19d35b9bbfe4ff5b31e79a72eb55391a,1.0,25.21,25.21,1.0,46.0,46.0,144.42000000000002
19fcdae6c9b47debc14c72943de6d611,1.0,7.43,7.43,1.0,46.0,46.0,108.86
1a24b7847bf9eb0cb79af4edebc490b4,1.0,12.29,12.29,1.0,46.0,46.0,118.58
1a4d9e5f4e20793386d081e8da8374b6,1.0,16.8,16.8,1.0,46.0,46.0,127.6
1a5f27ce0c9cb49f4d1014905b254987,2.0,15.69,15.69,2.0,46.0,0.0,81.38
1a7384aa8515fc810d85acf36de50384,1.0,21.0,21.0,1.0,46.0,46.0,136.0
1ace299a5fa60096f1279e6b729e458f,1.0,16.8,16.8,1.0,46.0,46.0,127.6
1b9131d69fb9745f0c22e22c6d55437f,1.0,7.37,7.37,1.0,46.0,46.0,108.74000000000001
1bae952d7941cb6a769dd513f3426389,1.0,7.55,7.55,1.0,46.0,46.0,109.1
1c10a17a4dd32c8c715d4494cabfe6f9,1.0,6.72,6.72,1.0,46.0,46.0,107.44
1c7a859d02116c9535a66dff4bf46d92,1.0,22.68,22.68,1.0,46.0,46.0,139.36
1d504799bf9729e20c2abbdd418d4588,1.0,8.92811,8.92811,1.0,46.0,46.0,111.85622000000001
1de8aa93c97bac276ff64c77143aaf09,1.0,10.65,10.65,1.0,46.0,46.0,115.3
1e53d48977cce32bb518e35079f84f56,1.0,16.8,16.8,1.0,46.0,46.0,127.6
1e9b15c067a3a64845981737e4606a14,1.0,16.8,16.8,1.0,46.0,46.0,127.6
1f2a840b8c43bcc6e2e2b6368249adf3,1.0,42.01,42.01,1.0,46.0,46.0,178.01999999999998
1f57dfa92170035ee5e4f43ab463c1ce,1.0,15.96,15.96,1.0,46.0,46.0,125.92
1f6c588e2805f0a4810bea6a992248dc,1.0,4.19,4.19,1.0,46.0,46.0,102.38
1fb3872513b40e47fe2940f742a72a67,1.0,5.03,5.03,1.0,46.0,46.0,104.06
203e14a7cbe85b12597f2b1c0cfde52b,1.0,23.61456,23.61456,1.0,46.0,46.0,141.22912
216761ea72c5d7d99bbae4d61b34c37d,1.0,16.39,16.39,1.0,46.0,46.0,126.78
2173301b37f57b675b9089b4d0853fe5,1.0,25.0,25.0,1.0,46.0,46.0,144.0
21925acf637ad3cf7d01c90ff4c1d408,1.0,7.43,7.43,1.0,46.0,46.0,108.86
221f6e0731a1ebed0f1b551f884544f7,1.0,8.37936,8.37936,1.0,46.0,46.0,110.75872
224758debdffb0eea15ee1f278628d8e,1.0,22.618848,22.618848,1.0,46.0,46.0,139.237696
2253a61f51df0e154bfec3f6e838d564,2.0,19.310000000000002,19.310000000000002,2.0,46.0,0.0,88.62
2297de0c8e8b05e5b577dcb4d53aa5a4,1.0,20.82,20.82,1.0,46.0,46.0,135.64
2328d669b61c05e2ef9a0721620578bc,1.0,14.86,14.86,1.0,46.0,46.0,123.72
2367d4f0deff03cfebb798956f4502d8,1.0,22.68,22.68,1.0,46.0,46.0,139.36
23af74e42f41e1254600f9aa030c0e36,1.0,22.68,22.68,1.0,46.0,46.0,139.36
23d463dd47be6153a1391a4d13157116,1.0,16.8,16.8,1.0,46.0,46.0,127.6
24232cd1e393da5bb989de4c993d77f2,1.0,8.32,8.32,1.0,46.0,46.0,110.64
245cd27e478a97f8a0e5ac3f766f22c6,1.0,6.686560000000001,6.686560000000001,1.0,46.0,46.0,107.37312
2460af7515d70a4da611b1d29bace343,1.0,10.92,10.92,1.0,46.0,46.0,115.84
249d595c3bde4dcd755b031526b73bed,1.0,20.48,20.48,1.0,46.0,46.0,134.96
24c6482f2644d1e240fdf6810d491e55,1.0,16.52,16.52,1.0,46.0,46.0,127.03999999999999
24d664ef31b6bef02fa3073b402fea1e,1.0,8.32,8.32,1.0,46.0,46.0,110.64
2504175708a53b19fe067b06472e4cec,1.0,11.46,11.46,1.0,46.0,46.0,116.92
2549dd8385ae371c66126fb25d4993e8,1.0,24.99,24.99,1.0,46.0,46.0,143.98
254a170288ad8dad48482846123e7c9a,1.0,8.32,8.32,1.0,46.0,46.0,110.64
25594b63bd39260cc3a95cf13b39f05a,1.0,6.72,6.72,1.0,46.0,46.0,107.44
2574e2e28c8f856514cdf02ac2be7b21,2.0,49.989999999999995,49.989999999999995,2.0,46.0,0.0,149.98
259c207b4202b4f7e1ac7a4c4d51ccbd,1.0,25.2,25.2,1.0,46.0,46.0,144.4
25bcae2a8d484e0b36f874ac72c5a8d5,1.0,5.73,5.73,1.0,46.0,46.0,105.46000000000001
25bcc0979bbc3bc68b9822709fab54ae,1.0,42.01,42.01,1.0,46.0,46.0,178.01999999999998
25cddccb65a6cf9c6e93de258aa1f759,1.0,8.18,8.18,1.0,46.0,46.0,110.36
26a27f575e9b9cb987e6bf9b8e4d540f,1.0,24.58,24.58,1.0,46.0,46.0,143.16
26e0ce29a7a7c6651d29dd6733be22db,1.0,24.58,24.58,1.0,46.0,46.0,143.16
271afe54d94381831a74b3463d2d82e7,1.0,5.04,5.04,1.0,46.0,46.0,104.08
272420567a509b8915be428e040a7434,1.0,23.456069,23.456069,1.0,46.0,46.0,140.912138
27628bcde0849e338435d35e448db003,1.0,21.0,21.0,1.0,46.0,46.0,136.0
27961e37747c353b52cafa97180bd047,1.0,5.03,5.03,1.0,46.0,46.0,104.06
280be5b48c82244da76b8701a4d34098,2.0,13.92,13.92,2.0,46.0,0.0,77.84
282052ee0413c3b9ca38e197329a2650,1.0,24.58,24.58,1.0,46.0,46.0,143.16
282b60ffb5538882ddf0e0494728e02d,1.0,23.13,23.13,1.0,46.0,46.0,140.26
2867fa5b4067a6f621a752840ca88fee,2.0,26.03,26.03,2.0,46.0,0.0,102.06
289e7c81751dfe6ec8660e903d65d344,1.0,19.66,19.66,1.0,46.0,46.0,133.32
28a946a14fcaeff6f45b7d3d8698ea97,1.0,7.55,7.55,1.0,46.0,46.0,109.1
28cfb95bb3e58f457990a1da85a8330e,2.0,11.76,11.76,2.0,46.0,46.0,119.52
291c3e68cde88133e001f3127919681d,2.0,15.12,15.12,2.0,46.0,46.0,126.24
299c041f56bb643702a307739cf3a4da,1.0,17.375514000000003,17.375514000000003,1.0,46.0,46.0,128.75102800000002
29b2746ed1ed2d86374c6cdf0c2accdd,1.0,12.49,12.49,1.0,46.0,46.0,118.98
2a109b3c0d7d3b853f5dd1df140151fa,1.0,26.153760000000002,26.153760000000002,1.0,46.0,46.0,146.30752
2a596feaec2ec137f16dbe02d8b4a64d,1.0,24.99,24.99,1.0,46.0,46.0,143.98
2ae9080ac36a6c51b22c3d123beb63a0,1.0,24.99,24.99,1.0,46.0,46.0,143.98
2b170d13bf6faec8dcd54fbb82537195,1.0,7.37,7.37,1.0,46.0,46.0,108.74000000000001
2b5bc1a294556c9f8cdb5ab20513be61,1.0,14.25008,14.25008,1.0,46.0,46.0,122.50016
2bf7fb40b23df7c62d89b301f313161b,1.0,6.72,6.72,1.0,46.0,46.0,107.44
2c075f006f32e3df776d92707cc862eb,2.0,49.16,49.16,2.0,46.0,0.0,148.32
2c1f7186b03ff9c42d97ca7a7afdc2f7,1.0,16.38,16.38,1.0,46.0,46.0,126.75999999999999
2c5ea3db2ed2789b9fe73d17cb23b3ae,1.0,12.29,12.29,1.0,46.0,46.0,118.58
2cbf70340376a1b179cd1214a02c72d7,1.0,8.19,8.19,1.0,46.0,46.0,110.38
2d0575c8510a6d4df5d3b8eed9049199,1.0,12.29,12.29,1.0,46.0,46.0,118.58
2d4e926842832706aada9635c10865d8,1.0,6.72,6.72,1.0,46.0,46.0,107.44
2ddebf825272206d5793cf4202164388,1.0,5.03,5.03,1.0,46.0,46.0,104.06
2de569cd8d5de777ba06b794e83f3085,1.0,16.38,16.38,1.0,46.0,46.0,126.75999999999999
2e0944c347f2ad7ef768d3135db7594a,2.0,13.1,13.1,2.0,46.0,46.0,122.2
2e503abb306b6dd98bd797e5103019a0,2.0,10.9,10.9,2.0,46.0,0.0,71.8
2ee619631e7e331ab8e1d237237d8074,1.0,16.66,16.66,1.0,46.0,46.0,127.32
2f27957134e58760213e210ea288e0c6,1.0,50.41,50.41,1.0,46.0,46.0,194.82
2f5048ca18b8bc31b8fc104fe056bce7,1.0,20.48,20.48,1.0,46.0,46.0,134.96
2f6a10196bdd7a3e448143b3a493fe64,1.0,11.46,11.46,1.0,46.0,46.0,116.92
2ffbeb405bc6ee2746844c067a078c34,1.0,41.66,41.66,1.0,46.0,46.0,177.32
307b9a9622e50ce9f036a05f840e3bbf,1.0,18.099424,18.099424,1.0,46.0,46.0,130.198848
30ba65f8871677673282632f8a584649,1.0,14.87,14.87,1.0,46.0,46.0,123.74
30bc1a8c037410d77e113fa3e71bdd90,1.0,16.38,16.38,1.0,46.0,46.0,126.75999999999999
30f581fb746101307867fe1c6c37d90b,1.0,33.61,33.61,1.0,46.0,46.0,161.22
3119610ab799d7b1acd0cfcf5002d596,1.0,8.32,8.32,1.0,46.0,46.0,110.64
31442447c4166b0e6809778793194593,1.0,5.73,5.73,1.0,46.0,46.0,105.46000000000001
314da5184fa97d088752b01fa0717b2f,1.0,5.03,5.03,1.0,46.0,46.0,104.06
31a2b96a8214453c6c4437f5695c2605,2.0,25.189999999999998,25.189999999999998,2.0,46.0,0.0,100.38
31aacfa3f5fbce76bdd8873a57952ad9,1.0,11.66,11.66,1.0,46.0,46.0,117.32
31e5d58e4a6d08b121a0d06dba532b9e,1.0,8.26,8.26,1.0,46.0,46.0,110.52
31ebf94e16eb76bc6685547dff1e96bd,1.0,16.66,16.66,1.0,46.0,46.0,127.32
31ef608f01af85226cd4a30fb35298cb,1.0,7.49,7.49,1.0,46.0,46.0,108.98
31fd633348bb851f76249acef5a2ba6b,1.0,12.61136,12.61136,1.0,46.0,46.0,119.22272
31fd985f72bb718e3ab60f35af91fd7b,1.0,12.6,12.6,1.0,46.0,46.0,119.2
3225ad8a1f8cf4913b52ebbf8f577d79,1.0,12.6,12.6,1.0,46.0,46.0,119.2
324b8f26b7765e108d486a48bc50b8e5,1.0,6.71,6.71,1.0,46.0,46.0,107.42
32a0e66fff3160ae0fe7abc453b4373a,1.0,4.12,4.12,1.0,46.0,46.0,102.24000000000001
3395413125613183a55973763823edcf,3.0,25.200000000000003,25.200000000000003,3.0,46.0,0.0,102.4
33db73f994dd8bb73c59b74a9c57f0b7,1.0,5.73,5.73,1.0,46.0,46.0,105.46000000000001
350223d37f230f8fe66e22b0dd1afef1,1.0,5.73,5.73,1.0,46.0,46.0,105.46000000000001
351ec48e4995086648e7619b442509f1,1.0,16.66,16.66,1.0,46.0,46.0,127.32
359db0fd0937f44926b6c3800c081cd8,1.0,14.75,29.490000000000002,2.0,46.0,46.0,139.24
35e8cb10502addf8b3802979071b7ffc,1.0,25.2,25.2,1.0,46.0,46.0,144.4
3602d2585932e84fd3f65cbcbd452d49,1.0,6.6,6.6,1.0,46.0,46.0,107.2
361f29839ff5d9f592695a24bcd72396,2.0,9.23,9.23,2.0,46.0,0.0,68.46000000000001
3652bec81c27db1086ac6c51f0826821,1.0,5.87,5.87,1.0,46.0,46.0,105.74000000000001
3709788bc2ed5b7c3f1ed92d98d81f05,1.0,22.68,22.68,1.0,46.0,46.0,139.36
373e57a3132c6585a61befb15b6c0930,1.0,16.8,16.8,1.0,46.0,46.0,127.6
37a9402a6311826280346c6ab2ff58c4,1.0,11.47,11.47,1.0,46.0,46.0,116.94
37b0cf9e25d482b1776e966184d1d7a0,1.0,11.47,11.47,1.0,46.0,46.0,116.94
37d67f5feef4cb754056a54841e43ad9,1.0,24.79,24.79,1.0,46.0,46.0,143.57999999999998
37e16d3840843e698811178576182ca9,2.0,28.67,28.67,2.0,46.0,0.0,107.34
388be71c09b2b333f0523cf2e0c65e64,1.0,8.18,8.18,1.0,46.0,46.0,110.36
38c8f7d000f149290c44c62bb132277c,1.0,8.19,8.19,1.0,46.0,46.0,110.38
38df96f2df5772cfa34712522296e072,1.0,13.569135999999999,13.569135999999999,1.0,46.0,46.0,121.138272
3943ea3168f1fc1b534af93e9dc79ef0,2.0,3.34,3.34,2.0,46.0,46.0,102.68
39e8f64fbb8a9d7d131b70da22fe2243,1.0,7.37,7.37,1.0,46.0,46.0,108.74000000000001
39fb2915c839f8b2167e4f3f017d3ba2,1.0,10.08,10.08,1.0,46.0,46.0,114.16
3a59bb5c18c254352a06fd16533e7407,1.0,5.88,5.88,1.0,46.0,46.0,105.75999999999999
3a792df6aff7f7a5fc0ac86f8386984f,1.0,16.39,16.39,1.0,46.0,46.0,126.78
3aa9bea58bcf410e8e52d5f30f0e42cd,2.0,24.35,24.35,2.0,46.0,0.0,98.7
3ad32a5d58f8249a42c01141edefcd02,1.0,25.2,25.2,1.0,46.0,46.0,144.4
3b28484a7fbba7e9c4e355b6737e337d,1.0,6.66,6.66,1.0,46.0,46.0,107.32
3bd113f1ccb2eb598cce519971887b78,2.0,28.669999999999998,28.669999999999998,2.0,46.0,0.0,107.34
3befa888ec0980d8e6cfe394bb4a4d13,1.0,34.794773000000006,34.794773000000006,1.0,46.0,46.0,163.589546
3c8c39cab5cdd61659754ef89345609d,1.0,10.83,10.83,1.0,46.0,46.0,115.66
3ca0fe3524b60c7af240fb951d2df430,1.0,25.2,25.2,1.0,46.0,46.0,144.4
3d329b61b3ee9a7390a1cd5ac7618514,2.0,16.124406999999998,16.124406999999998,2.0,46.0,0.0,82.248814
3d6e0436b7b134e21b80328c5e12b7e5,3.0,52.08,52.08,3.0,46.0,0.0,156.16
3e3c37a4d0d564f0d933fdd717e4a588,1.0,58.82,58.82,1.0,46.0,46.0,211.64
3e4bb74bfafb47835203d844435cf485,1.0,5.87,5.87,1.0,46.0,46.0,105.74000000000001
3e6e87a9b991715e84def6b101416b07,1.0,10.92,10.92,1.0,46.0,46.0,115.84
3efa91bd7fbe193ff8be36359e5baa68,1.0,24.58,24.58,1.0,46.0,46.0,143.16
3f30cb6164f42958e051f0876e955d3e,1.0,7.37,7.37,1.0,46.0,46.0,108.74000000000001
3f455fdfd01a91a8d36064d48aef2a02,1.0,16.39,16.39,1.0,46.0,46.0,126.78
3f58834c4d6819a862f20c21a3955d8b,1.0,8.19,8.19,1.0,46.0,46.0,110.38
3f80dd22d15bd5c35b4f72d6d4b84b6b,1.0,25.2,25.2,1.0,46.0,46.0,144.4
3f877d72801e300a9bb9ba64596014e1,2.0,15.559999999999999,15.559999999999999,2.0,46.0,0.0,81.12
3f902dfb71db384e9a81c92db40eaefc,2.0,42.79872400000001,42.79872400000001,2.0,46.0,0.0,135.597448
3ffdfab8b8c5286c74146a53fee07f26,1.0,7.55,7.55,1.0,46.0,46.0,109.1
4001fed6fdf790347065e6eac81a1195,1.0,12.49,12.49,1.0,46.0,46.0,118.98
4017c9120dfd20115a57aeff6a035c05,1.0,16.39,16.39,1.0,46.0,46.0,126.78
406a4750338ec729a584fa90c30a855f,1.0,4.16,4.16,1.0,46.0,46.0,102.32
40b703721e514badbabc5aff14a53eaa,1.0,20.48,20.48,1.0,46.0,46.0,134.96
410214963441f68985d246e27e7cef28,1.0,8.39,8.39,1.0,46.0,46.0,110.78
417b8e6123e604a4e16f6737ebe9977b,1.0,8.33,8.33,1.0,46.0,46.0,110.66
417f59bccc871cb24608567748e7260f,1.0,11.47,11.47,1.0,46.0,46.0,116.94
41fdcbf3e4f15a30cea56771622cd58c,1.0,11.56,11.56,1.0,46.0,46.0,117.12
42083c60b6b10e06db2451cf5bf84e9a,2.0,11.74,11.74,2.0,46.0,46.0,119.48
420f4278642a24d136ec9580c59f8973,1.0,24.58,24.58,1.0,46.0,46.0,143.16
4213c2a67b1e8ebc48b6ef192103d9fd,1.0,16.8,16.8,1.0,46.0,46.0,127.6
430f60fb37d00832d0ad18585cf72a72,1.0,16.52,16.52,1.0,46.0,46.0,127.03999999999999
43247db3fc5b4040ebf7a948660c7ce9,2.0,39.33,39.33,2.0,46.0,0.0,128.66
436b01cf9faed0761a9c07ee0f17cbf0,1.0,25.2,25.2,1.0,46.0,46.0,144.4
43918adf258c988bb1d587ec33e38a96,1.0,8.19,8.19,1.0,46.0,46.0,110.38
43b1dd0a2a88d1caf626985ffa1c0cc8,3.0,40.47,40.47,3.0,46.0,0.0,132.94
44075b0134b0e47b7ce943006804148d,1.0,7.37,7.37,1.0,46.0,46.0,108.74000000000001
44315661d710448c25fcce303d7ebf88,1.0,8.19,8.19,1.0,46.0,46.0,110.38
446b34e0acf6926728118efb3da3a389,1.0,12.29,12.29,1.0,46.0,46.0,118.58
44ac92aa0cc3e788c3dc423b0b3dafc3,1.0,10.92,10.92,1.0,46.0,46.0,115.84
450e1c2cbd21687780153995f1be0c23,1.0,10.07,10.07,1.0,46.0,46.0,114.14
453e0afc3472122dbabd22794c440579,1.0,8.4,8.4,1.0,46.0,46.0,110.8
467af6d653dcfd5a9d7a49392326c2dc,2.0,11.76,11.76,2.0,46.0,46.0,119.52
46db3a2e6c4bf7d8c3fef47e61c18325,1.0,29.4,29.4,1.0,46.0,46.0,152.8
477132542a7c88db23aa9473ed01f421,1.0,4.09,4.09,1.0,46.0,46.0,102.18
487f85afa99ef0a1684131bc092d06ee,1.0,22.68,22.68,1.0,46.0,46.0,139.36
488e4ec3cf9639bffed02648a3aa2308,1.0,20.48,20.48,1.0,46.0,46.0,134.96
48c0345689c9c03e797748e2ff9cf179,1.0,7.49,7.49,1.0,46.0,46.0,108.98
48eebaf91669f607e1f28e54f5074092,1.0,5.04,5.04,1.0,46.0,46.0,104.08
49275102bfa83433268cec9d43a5db44,1.0,5.03,5.03,1.0,46.0,46.0,104.06
492da729c1e20d241a1668a90c7e968c,1.0,8.19,8.19,1.0,46.0,46.0,110.38
4972b7751f5b1439e448e6f01356528e,1.0,6.55,6.55,1.0,46.0,46.0,107.1
49ae0fcbc29da7bedd8be13fb91588e5,2.0,31.65,31.65,2.0,46.0,0.0,113.3
4a08684fdb0120c841ead956f8a4fd81,1.0,9.24,9.24,1.0,46.0,46.0,112.48
4a245bf8c7b8024f7e0a118e17d5c3d7,1.0,21.0,21.0,1.0,46.0,46.0,136.0
4b7ceb05adbea2de910af8274b3ea5a0,1.0,21.07536,21.07536,1.0,46.0,46.0,136.15072
4b8820dd04defa37e5eec4248706f1d4,1.0,14.87,14.87,1.0,46.0,46.0,123.74
4b8d432e9b4b0fb5d0a9b90eb17a2ddf,1.0,16.52,16.52,1.0,46.0,46.0,127.03999999999999
4ba36dd3c171768aff692959c0c58741,1.0,13.45,13.45,1.0,46.0,46.0,120.9
4ce5dd55a674a244ccb94cdea080ec2c,1.0,14.87,14.87,1.0,46.0,46.0,123.74
4cf17267e85424016a215834f15f1d44,1.0,33.61,33.61,1.0,46.0,46.0,161.22
4d6fd9cb167029b1c90db9a358ffe157,1.0,12.6,12.6,1.0,46.0,46.0,119.2
4dace7562c5dc3d9ca01bbca701aaa5b,1.0,11.46,11.46,1.0,46.0,46.0,116.92
4e2d97405757f613e7d1715177609cac,1.0,29.53936,29.53936,1.0,46.0,46.0,153.07872
4e4024a0b1211e67014007a1ccb90583,1.0,16.66,16.66,1.0,46.0,46.0,127.32
4e5321ded1738c4f4aff72a95e46cb1c,1.0,8.19,8.19,1.0,46.0,46.0,110.38
4e5fd0a74bc9beaf1a4bae392b7fd674,2.0,24.78,24.78,2.0,46.0,46.0,145.56
4eb64ce99caf7f0447aef433949f1cab,1.0,11.56,11.56,1.0,46.0,46.0,117.12
4eeee6f724e592083fd5e0e0456ca9a9,1.0,29.16,29.16,1.0,46.0,46.0,152.32
4f67bc70a01836efaf0da448bbfa9682,1.0,22.68,22.68,1.0,46.0,46.0,139.36
4f814629211e0a39bde6f84597e2bcc5,1.0,25.2,25.2,1.0,46.0,46.0,144.4
4f849eda3bb0db383132f6cd74a4d0d2,2.0,13.2,13.2,2.0,46.0,0.0,76.4
4fe9c53eb60b75038d348b893d36b913,1.0,16.38,16.38,1.0,46.0,46.0,126.75999999999999
50b55644d76538a6290abdeb6119b619,1.0,20.65,20.65,1.0,46.0,46.0,135.3
51a25f9797220cad4b30860648a4ec78,2.0,42.0,42.0,2.0,46.0,0.0,134.0
5219694c2a45675d0246442c823c1e2b,1.0,16.65,16.65,1.0,46.0,46.0,127.3
5236fe37d9a5906bd5f9aa728337583e,1.0,10.92,10.92,1.0,46.0,46.0,115.84
524b39279d5ddb0f13882af497373984,1.0,16.8,16.8,1.0,46.0,46.0,127.6
53005563d15a839bdd6d353b77be0fc2,1.0,42.01,42.01,1.0,46.0,46.0,178.01999999999998
5326c7404da1fec7cb4bb1096e4a7672,1.0,12.6,12.6,1.0,46.0,46.0,119.2
5334fac2908ba61954df75d56c85ca0e,1.0,14.28,14.28,1.0,46.0,46.0,122.56
53357b1a768f28a9704c406c2f3cb897,1.0,8.19,8.19,1.0,46.0,46.0,110.38
53442ce9ca2e815ff0dc34d6cb046fe2,1.0,24.58,24.58,1.0,46.0,46.0,143.16
5357eefadbdc9c2348cf053d140e609e,1.0,14.27,14.27,1.0,46.0,46.0,122.53999999999999
535b49fcb13796a6ba7caa87a49a4c52,1.0,5.73,5.73,1.0,46.0,46.0,105.46000000000001
53a33181e9fcc9cc650aa935938f7717,1.0,8.39,8.39,1.0,46.0,46.0,110.78
5433a72dc8248ae017df8507e94a482f,1.0,4.19,4.19,1.0,46.0,46.0,102.38
54445cacaa14c0585ab7651d908a93fc,1.0,16.8,16.8,1.0,46.0,46.0,127.6
54affec6bfd2102ff743022eb60e1f26,1.0,19.83,19.83,1.0,46.0,46.0,133.66
54e4bfa1e2c427231abb70d93318527d,1.0,10.08,10.08,1.0,46.0,46.0,114.16
552dd5884c1ad39ab23cdb1660e04a0a,2.0,15.95,15.95,2.0,46.0,0.0,81.9
55308ad9cfa376a4f0c830eebe0f5ddd,1.0,16.52,16.52,1.0,46.0,46.0,127.03999999999999
5533e14f99d531b8577b7652e3c7b77e,1.0,10.07216,10.07216,1.0,46.0,46.0,114.14432
55d4730a6975aec0abec599792887b84,1.0,14.943292000000001,14.943292000000001,1.0,46.0,46.0,123.886584
55eec8d28c9e55fafc095778ae5e10e0,1.0,4.9,4.9,1.0,46.0,46.0,103.8
55eedbc065b56e2bc0b2ca351847601c,1.0,24.79,24.79,1.0,46.0,46.0,143.57999999999998
56269208274076aa09e275ba687e5b72,1.0,1.6020799999999995,1.6020799999999995,1.0,46.0,46.0,97.20416
569ceca4e54d66c77b81718765c8b445,1.0,12.49,12.49,1.0,46.0,46.0,118.98
56ca85cb6d2946867b6b4ffa608edb7c,1.0,20.48,20.48,1.0,46.0,46.0,134.96
56e7422b79540930d5f76b403d0bdebf,1.0,5.03,5.03,1.0,46.0,46.0,104.06
573bbe02e18b9493d10c4bacff74f807,1.0,13.45,13.45,1.0,46.0,46.0,120.9
580314f487c5a45288c725199eef8d21,1.0,25.2,25.2,1.0,46.0,46.0,144.4
58910b0ac3d9e4d88071ae208411209e,1.0,5.88,5.88,1.0,46.0,46.0,105.75999999999999
58eb6336c6466cb436f254484ab5cfd2,1.0,5.03,5.03,1.0,46.0,46.0,104.06
592d172ab99de69394481d63a7bf8f64,1.0,25.30736,25.30736,1.0,46.0,46.0,144.61472
597b1bf3412980500fe841aafcf42010,1.0,37.81,37.81,1.0,46.0,46.0,169.62
5b41bf39762066c0bdcd6db4bf8c3d3d,1.0,16.39,16.39,1.0,46.0,46.0,126.78
5c0d29af05c66d3c72101c9a3bccfac7,1.0,5.03,5.03,1.0,46.0,46.0,104.06
5c22902d8fe3b24e5486ae82570f89f1,1.0,5.88,5.88,1.0,46.0,46.0,105.75999999999999
5ca059964aadc99a8e0e348f8376051b,1.0,16.66,16.66,1.0,46.0,46.0,127.32
5d55426b6178463c3cd484d2166ab217,1.0,25.2,25.2,1.0,46.0,46.0,144.4
5d5de52a2d174cfe039c421608b241dd,1.0,13.93,13.93,1.0,46.0,46.0,121.86
5da1d6f1820613866422d6d54b19eba9,1.0,12.39,12.39,1.0,46.0,46.0,118.78
5db29552d3f1d109f7489e09304fe01a,1.0,20.48,20.48,1.0,46.0,46.0,134.96
5e6454c7f931893b635276517fcf35a7,1.0,14.16,14.16,1.0,46.0,46.0,122.32
5f13c499b909c8abc3629c7148d54993,1.0,42.01,42.01,1.0,46.0,46.0,178.01999999999998
5f24a689c5e98e656f57cfd9b972478c,1.0,5.73,5.73,1.0,46.0,46.0,105.46000000000001
5f47edacdb1837498644528eead33250,2.0,33.04,33.04,2.0,46.0,46.0,162.07999999999998
5f6d6a1b845af0309f0d2102076275ed,1.0,23.32,23.32,1.0,46.0,46.0,140.64
5f7ef10a2dfb2390bc7290b9f46e38a9,1.0,12.6,12.6,1.0,46.0,46.0,119.2
5f8c92193c06db6b98742cca25077919,1.0,8.39,8.39,1.0,46.0,46.0,110.78
604991103bb7ab40d8647fbc6d728df7,1.0,12.39,12.39,1.0,46.0,46.0,118.78
60943ea2767edcfed05a9f79e47a8a4c,1.0,16.52,16.52,1.0,46.0,46.0,127.03999999999999
60b6f1fd778e5c185b025c13c72a9f07,1.0,19.807736,19.807736,1.0,46.0,46.0,133.615472
60e8ce0e7c00044d3ad4678322307cf5,1.0,25.2,25.2,1.0,46.0,46.0,144.4
612032f8e4fd3794ba59f117ae0ee39b,2.0,45.36,45.36,2.0,46.0,46.0,186.72
61a4e2cfd26a8c01fe00f60fe5f062ec,2.0,16.38,16.38,2.0,46.0,46.0,128.76
61be35de232a4938e14a5582ce520096,1.0,8.39,8.39,1.0,46.0,46.0,110.78
6264e18872911796d0440022b79d39ef,2.0,42.0,42.0,2.0,46.0,0.0,134.0
62ac0deb2d53ff48939657232198abed,1.0,14.87,14.87,1.0,46.0,46.0,123.74
6309398a02fcebf021c6d5c28645d0e4,1.0,24.58,24.58,1.0,46.0,46.0,143.16
631242a79de45acec1a7069678124e8b,2.0,50.4,50.4,2.0,46.0,46.0,196.8
6347d8a008fa3b2ed3a0c8c9df997e74,1.0,10.92,10.92,1.0,46.0,46.0,115.84
6436a9d38174a99f7e453bd41823d00c,1.0,7.55,7.55,1.0,46.0,46.0,109.1
6439237ace141cead26d59fd14357fe5,1.0,12.59,12.59,1.0,46.0,46.0,119.18
64bb9221492ab12e9d62ef119e9ec77a,1.0,6.6,6.6,1.0,46.0,46.0,107.2
64eb140f3f79406e3e26571ff321b307,1.0,25.2,25.2,1.0,46.0,46.0,144.4
6526e3aba4ee69e6e8932ac2a8b13ad6,1.0,16.39,16.39,1.0,46.0,46.0,126.78
653a66e639f2e3b928b5c58cc20f9663,1.0,10.476861999999999,10.476861999999999,1.0,46.0,46.0,114.953724
65fb4f6c0c406207a57a640e8ee33e73,2.0,9.82,9.82,2.0,46.0,0.0,69.64
661e1e3ac7746d3fa02a6f8fb70764f1,1.0,5.88,5.88,1.0,46.0,46.0,105.75999999999999
66bfec01d63f1cb937568fb814af4bdb,1.0,19.83,19.83,1.0,46.0,46.0,133.66
66f469b48fc50b2d28b8ccea7cbca415,1.0,11.56,11.56,1.0,46.0,46.0,117.12
671dee65aa36297590237b3c72f52e05,1.0,10.92,10.92,1.0,46.0,46.0,115.84
674bdce9e6b5e4f4a70792c3dda49a56,1.0,25.2,25.2,1.0,46.0,46.0,144.4
67756c0fd844f74bd2e78a406a93fb21,1.0,12.6,12.6,1.0,46.0,46.0,119.2
67c9953ed88b6e6bc546eb5b17ea0c9c,1.0,3.36,3.36,1.0,46.0,46.0,100.72
67dfd57a4487c30e4736f4df3745b990,2.0,29.4,29.4,2.0,46.0,0.0,108.8
6816d85fbeed31e90e0c61c06d8ea9b1,1.0,7.532960000000001,7.532960000000001,1.0,46.0,46.0,109.06592
682693908339e142f1614754c4d42992,1.0,33.6,33.6,1.0,46.0,46.0,161.2
68a527d5d47d4cedc6cada7266ea6cce,1.0,3.36,3.36,1.0,46.0,46.0,100.72
68f4233d5f8597448ddc2a8ddfa09b2b,1.0,20.48,20.48,1.0,46.0,46.0,134.96
69007b31d40889d8688b86deab3a3aa8,1.0,14.28,14.28,1.0,46.0,46.0,122.56
69254bde4537fc7e3593b98630796979,1.0,37.49,37.49,1.0,46.0,46.0,168.98000000000002
6941e3e87b89a1b5ff3922156db8cc64,1.0,12.29,12.29,1.0,46.0,46.0,118.58
69a971e562c9b7dc067fd554585393a7,1.0,8.19,8.19,1.0,46.0,46.0,110.38
69dd0865db0ad703b3c73b9e5369045e,1.0,20.82,20.82,1.0,46.0,46.0,135.64
69e40bf989afa78a7e01d814f2cfbc3d,1.0,24.58,24.58,1.0,46.0,46.0,143.16
6a22c0c16ab7c8dfbc5143a3bac3406c,2.0,20.990000000000002,20.990000000000002,2.0,46.0,0.0,91.98
6a6aa13cb85f45b29b9c9a368dc0c72e,1.0,6.850467,6.850467,1.0,46.0,46.0,107.700934
6af3960b4d208ec398b8d3fcf9fb5c52,1.0,25.2,25.2,1.0,46.0,46.0,144.4
6b15fb093420738f47f6132b95e52c6e,1.0,8.26,8.26,1.0,46.0,46.0,110.52
6bef85fa3363d038e04077a276b8c609,1.0,12.6,12.6,1.0,46.0,46.0,119.2
6c9332d19d9a1619d98b41dc4de5e5e4,1.0,3.35,3.35,1.0,46.0,46.0,100.7
6cf609d00e838b23bcbd2453d615cb5e,1.0,20.48,20.48,1.0,46.0,46.0,134.96
6d156423755930be15d30309e144b87d,1.0,22.629712,22.629712,1.0,46.0,46.0,139.259424
6d466d20ef9ac3c1de7c7db6ab1936b6,1.0,16.52,16.52,1.0,46.0,46.0,127.03999999999999
6da5f33a890ecfcd0c1fdf01abdc1c12,2.0,31.421890000000005,31.421890000000005,2.0,46.0,0.0,112.84378000000001
6db3731c151d6b31e942ec8dfab0d3fa,1.0,20.48,20.48,1.0,46.0,46.0,134.96
6e011bace7b3b9bff737be80a6d0750f,1.0,10.91,10.91,1.0,46.0,46.0,115.82
6e2a1b87c3bb2af732b7181ce318fac6,1.0,41.66,41.66,1.0,46.0,46.0,177.32
6e475c595cdfaa4b0106c1c5e42614a6,1.0,24.79,24.79,1.0,46.0,46.0,143.57999999999998
6e756c6d9ff3742d006d0762fab32817,1.0,5.03,5.03,1.0,46.0,46.0,104.06
6ecc63a4f0a6fd8a9d6de9f7bb664e21,3.0,16.876821,16.876821,3.0,46.0,46.0,131.753642
6edf893827566c5ebb74b5c100bb5ab4,1.0,21.92176,21.92176,1.0,46.0,46.0,137.84352
6f810077c1f2b39d7c00623c770f04b5,1.0,12.59,12.59,1.0,46.0,46.0,119.18
6fbda904ff089926b97410bbf882cc48,2.0,16.66,16.66,2.0,46.0,46.0,129.32
7006cd7d1ffeb535e3e84fc77623424c,1.0,27.04,27.04,1.0,46.0,46.0,148.07999999999998
70563b88e1565bab589c19a8c7a6a5c8,1.0,6.71,6.71,1.0,46.0,46.0,107.42
70ef09f23a4b36d667d7fcf66d36c30e,1.0,7.37,7.37,1.0,46.0,46.0,108.74000000000001
717e0f0009af5f18ddcff294e6aa4971,1.0,13.45776,13.45776,1.0,46.0,46.0,120.91552
718e27e4b9fe991aca4645be458215d0,1.0,6.686560000000001,6.686560000000001,1.0,46.0,46.0,107.37312
71b2b2bb55b65996b93784e202f30617,1.0,19.807736,19.807736,1.0,46.0,46.0,133.615472
71d2b0abfe0f83292c209aa0ba62891e,1.0,12.6,12.6,1.0,46.0,46.0,119.2
720e74ebbdc48c0816d3b14e57247cf6,1.0,16.8,16.8,1.0,46.0,46.0,127.6
726d615bfc076100c9238f22d2b34a94,1.0,20.65,20.65,1.0,46.0,46.0,135.3
729556bbdc0440cdfdf81a17876610a8,1.0,5.03,5.03,1.0,46.0,46.0,104.06
72eaca6c5e90549237f29f8c700976e4,1.0,42.01,42.01,1.0,46.0,46.0,178.01999999999998
7327caa8c7bd1e0aa15709030eb35f05,1.0,12.29,12.29,1.0,46.0,46.0,118.58
736afaa2a5d033674869175167f0686d,1.0,16.8,16.8,1.0,46.0,46.0,127.6
73b724b838c0e2468c949a26b06e5eb7,1.0,42.01,42.01,1.0,46.0,46.0,178.01999999999998
73e17cfce29c5a662eeadbf6e3724951,1.0,21.92176,21.92176,1.0,46.0,46.0,137.84352
74434bdde67ffbe45c15d69e911a6758,1.0,20.66,20.66,1.0,46.0,46.0,135.32
74f3c64233eb290acb3e9eaef857aaa6,3.0,34.43,34.43,3.0,46.0,0.0,120.86
75566798cb99655191d386b5031a2f73,1.0,5.82,5.82,1.0,46.0,46.0,105.64
755ffe28eab21f177d4574c94a783d9e,1.0,14.87,21.47,2.0,46.0,46.0,131.34
756b08afcba90c1391ac385058f0c331,1.0,5.78,5.78,1.0,46.0,46.0,105.56
759a425d63a92af72f6100e327176bf4,1.0,10.92,10.92,1.0,46.0,46.0,115.84
75cd20be6f4f050fb17a8c0e08f8dbf6,1.0,8.32,8.32,1.0,46.0,46.0,110.64
75d26fb4b0515d118399e1c58e98c420,1.0,21.92176,21.92176,1.0,46.0,46.0,137.84352
75f5cd3a62dc0cba7cfab9232410b2bb,1.0,21.92176,21.92176,1.0,46.0,46.0,137.84352
76137334e4c190762f10be38099bebaa,2.0,17.630000000000003,17.630000000000003,2.0,46.0,0.0,85.26
766a6bf86ca1c6c7d646c957888fc1af,1.0,31.155189,31.155189,1.0,46.0,46.0,156.31037800000001
76849f7e2cc050751e51d4415a73a40b,1.0,18.099424,18.099424,1.0,46.0,46.0,130.198848
76ab6ec5af8d26e9665600b107242aed,1.0,22.69,22.69,1.0,46.0,46.0,139.38
76ad568b0b12dca0204ad0ebb31a9d92,1.0,20.48,20.48,1.0,46.0,46.0,134.96
7709aa8d4061473345a9fab16bcc5dc5,1.0,22.68,22.68,1.0,46.0,46.0,139.36
775ed6c1d3ece60360e2cb9a573a2f1c,1.0,16.66,16.66,1.0,46.0,46.0,127.32
7772a55efc4fa353ff7530d8edcaec9d,1.0,29.4,29.4,1.0,46.0,46.0,152.8
77895b0bc38df02226abaac69ac2df31,1.0,8.19,8.19,1.0,46.0,46.0,110.38
77a5207bcbda71f7ddcaec844d2602bc,1.0,12.29,12.29,1.0,46.0,46.0,118.58
78562d177bcc426a703ac1e7e7f4fc70,1.0,16.8,16.8,1.0,46.0,46.0,127.6
78ae26e492d2924e889819dd6ca83caa,1.0,8.39,8.39,1.0,46.0,46.0,110.78
79f0d9642868edce94c887810f9e27e1,1.0,25.2,25.2,1.0,46.0,46.0,144.4
79fef13fface122e4949e3b0dc3b2df8,1.0,16.8,16.8,1.0,46.0,46.0,127.6
7a2f0987a4550d7ba01159fce6e5d519,1.0,10.92,10.92,1.0,46.0,46.0,115.84
7a923864d0c2295ac9327cf832a93636,3.0,44.042466,44.042466,3.0,46.0,0.0,140.08493199999998
7afe8ca0054c77d3f041503c064731c5,1.0,16.39,16.39,1.0,46.0,46.0,126.78
7b0a922994bc04948c37965fa02917d6,1.0,4.99,4.99,1.0,46.0,46.0,103.98
7b0f26d2eae83cd3465f05ca34be7ac9,1.0,8.37936,8.37936,1.0,46.0,46.0,110.75872
7bfa5e412b948c413611ec46f0e43b57,1.0,45.37,45.37,1.0,46.0,46.0,184.74
7c853d479cc4a805cd136e6dec3a8f91,1.0,18.099424,18.099424,1.0,46.0,46.0,130.198848
7cab43944bc500ff61ca68f1ad515f6a,1.0,16.84336,16.84336,1.0,46.0,46.0,127.68672000000001
7d1ffa363ac52bda9a867b09c8e30a0b,1.0,2.51,2.51,1.0,46.0,46.0,99.02
7e061f712e330be9eb368312e4e4aab7,1.0,16.79,16.79,1.0,46.0,46.0,127.58
7e8c8dbca70e40dcee2f90f5ffd59326,1.0,16.38,16.38,1.0,46.0,46.0,126.75999999999999
7f5e1ca36f5f134dd307e383107ebaa5,1.0,5.73,5.73,1.0,46.0,46.0,105.46000000000001
7f8c05758487b245c1e402aa4358af24,1.0,12.6,12.6,1.0,46.0,46.0,119.2
8099b914896ff40dc7f99d366abadd73,1.0,22.68,22.68,1.0,46.0,46.0,139.36
80be1684c5ff34a47ca5c6d028ef35e0,1.0,8.19,8.19,1.0,46.0,46.0,110.38
818311ad95ee2f41ace94dfbc76d6dfb,1.0,5.87,5.87,1.0,46.0,46.0,105.74000000000001
81ee9b83857af35f2d71cbb8f5276b30,1.0,6.72,6.72,1.0,46.0,46.0,107.44
82561dc5b641cdfdd08a590cf165064b,1.0,16.8,16.8,1.0,46.0,46.0,127.6
82c91aca3b9cd56baa6825378703d411,1.0,16.8,16.8,1.0,46.0,46.0,127.6
82d99eee89d70c7fc46a2ba9265a8a3f,1.0,12.6,12.6,1.0,46.0,46.0,119.2
82ef54f20e5f2805dbe98f42d2e47585,2.0,42.010000000000005,42.010000000000005,2.0,46.0,0.0,134.02
84370e25002b034413a22d86d00449e3,1.0,16.8,16.8,1.0,46.0,46.0,127.6
844563184421a402afd4428107579b9f,1.0,22.68,22.68,1.0,46.0,46.0,139.36
852a6d643da4c1f063ecd5508f2b3b81,1.0,1.65,1.65,1.0,46.0,46.0,97.3
85adc71b6a4888cb7a525f6ec44b1a29,1.0,21.0,21.0,1.0,46.0,46.0,136.0
85d4f83d68155a22a325acf99a51337e,1.0,5.73,5.73,1.0,46.0,46.0,105.46000000000001
86075cfa2390d1b30b68e0266adcf4f3,1.0,42.01,42.01,1.0,46.0,46.0,178.01999999999998
86951d81ea99398a1323c8c5850bbd15,1.0,6.54,6.54,1.0,46.0,46.0,107.08
8698ab2a2b28ce7dd9c0102dfb4a1a19,1.0,10.91,10.91,1.0,46.0,46.0,115.82
86cca7de59543312599c433f15a8e4e0,1.0,14.28,14.28,1.0,46.0,46.0,122.56
87046f44266e67a66141a748ee11da24,1.0,7.43,7.43,1.0,46.0,46.0,108.86
879b82e6a25b218719a2dc9ab6e144e6,1.0,11.47,11.47,1.0,46.0,46.0,116.94
88360a987e56381108172e38fd3a7784,1.0,21.0,21.0,1.0,46.0,46.0,136.0
88d31102d5515813147d9479c29ddc43,1.0,8.37936,8.37936,1.0,46.0,46.0,110.75872
88ee9150759b5992cc1cd9e95f4bb955,1.0,21.0,21.0,1.0,46.0,46.0,136.0
88fae4890c453c99ebb8cdd3b1b4c704,1.0,5.4211360000000015,5.4211360000000015,1.0,46.0,46.0,104.84227200000001
895e00ff582feb53b3af7b9952b150d6,1.0,16.52,16.52,1.0,46.0,46.0,127.03999999999999
89bbf92ad50cb2145b07be99c03b0db8,1.0,42.01,42.01,1.0,46.0,46.0,178.01999999999998
8a31b963e8172ce71a0ef9549a0bd60a,6.0,31.05,31.05,6.0,46.0,0.0,120.1
8b20aa93079664e6ac3bdde5a32136ff,1.0,4.19,4.19,1.0,46.0,46.0,102.38
8b22f31ea5bc9829e0fac3b23fc67497,1.0,10.64,10.64,1.0,46.0,46.0,115.28
8b5b5b060d20ae49f4add99c1965d90d,1.0,7.55,7.55,1.0,46.0,46.0,109.1
8b717e5e047e2da12c4d2ab8d00c05b2,1.0,20.48,20.48,1.0,46.0,46.0,134.96
8b84a00eb983bedbfd67f3ea02835a09,1.0,12.29,12.29,1.0,46.0,46.0,118.58
8b8913e259e90aee4c5c9bfe62236d76,1.0,13.93,13.93,1.0,46.0,46.0,121.86
8c8248a9b3869a0fb2a2a46d24647ca6,1.0,42.01,42.01,1.0,46.0,46.0,178.01999999999998
8c8f7adf1b674187196696d0179fb45d,1.0,4.147360000000001,4.147360000000001,1.0,46.0,46.0,102.29472
8d0a5ba931859d8c29cc653953ad3067,2.0,36.64,36.64,2.0,46.0,0.0,123.28
8d151b8fd5fd7d129990b744b193a2c8,1.0,16.39,16.39,1.0,46.0,46.0,126.78
8d42d330934378989f90fff73b575da6,1.0,16.52,16.52,1.0,46.0,46.0,127.03999999999999
8d7f8909b1ea209f4b27ddabaef8cdf5,4.0,46.24,46.24,4.0,46.0,46.0,192.48000000000002
8dc5ebac04e95e2d7301fe847cc8c004,1.0,5.87,5.87,1.0,46.0,46.0,105.74000000000001
8e7b8bd18022658fb943694dfc4c9edb,1.0,26.153760000000002,26.153760000000002,1.0,46.0,46.0,146.30752
8ef5b6aa4abe182c7e520c87bbf21146,1.0,11.56,11.56,1.0,46.0,46.0,117.12
8f039de1b2446bc9157776b291927bb6,1.0,20.82,20.82,1.0,46.0,46.0,135.64
8f434bb280cdd255957237391b2020a8,1.0,5.87,5.87,1.0,46.0,46.0,105.74000000000001
8f6bb49d381b3d719c156d8444f16d90,1.0,10.92,10.92,1.0,46.0,46.0,115.84
901a50717f026eb43f255558b5c418a6,1.0,19.66,19.66,1.0,46.0,46.0,133.32
90507648f570b7d7b194f0015377388d,1.0,20.83,20.83,1.0,46.0,46.0,135.66
90608a8ce0abd2ce08c9532499f13e09,1.0,12.39,12.39,1.0,46.0,46.0,118.78
90735c44d307fd8bdc36effd46b54698,1.0,12.49,12.49,1.0,46.0,46.0,118.98
9088e1bcef66fa9904b0429b9ba58532,1.0,5.840160000000001,5.840160000000001,1.0,46.0,46.0,105.68032
91885ac1027c4b5809ad389a63a4d1f6,1.0,14.28,14.28,1.0,46.0,46.0,122.56
91cc45a938865655848074d02b4ddcd9,1.0,8.19,8.19,1.0,46.0,46.0,110.38
926a1fd7dcf2d7fadd98c790a4ae476d,1.0,30.385759999999998,30.385759999999998,1.0,46.0,46.0,154.77152
9280bfbb788d764ab1de12512d787027,1.0,8.39,8.39,1.0,46.0,46.0,110.78
92a80f6a919ad5fb0a12511260c78ba2,1.0,16.66,16.66,1.0,46.0,46.0,127.32
92f9fbb1d0b4732cf300dcc55825ea9b,1.0,16.8,16.8,1.0,46.0,46.0,127.6
937dcff2cf32caad9d9fff12c12bacaa,1.0,6.6,6.6,1.0,46.0,46.0,107.2
937f03d5b6d58cafd0060f3a49e7fc5a,1.0,4.91,4.91,1.0,46.0,46.0,103.82
93be4a53f2a8921d24e7c5eb479ff624,1.0,12.3202,12.3202,1.0,46.0,46.0,118.6404
93c734c807bed36fe44d2b542f36c80c,1.0,8.32,8.32,1.0,46.0,46.0,110.64
93ecab723ea579b9b96fc8f4139133ca,1.0,20.48,20.48,1.0,46.0,46.0,134.96
93fca51ee9657061570b92fc853aed88,1.0,7.37,7.37,1.0,46.0,46.0,108.74000000000001
94238a6f0ae0662b834090e89ea08562,1.0,8.18,8.18,1.0,46.0,46.0,110.36
952b3f369dfe45d4002770caa8e49581,1.0,24.99,24.99,1.0,46.0,46.0,143.98
953d5c4838d33ad06d7a025610fef29c,1.0,16.8,16.8,1.0,46.0,46.0,127.6
9588098f9f44c3642c856479fdec2b0f,1.0,2.51,2.51,1.0,46.0,46.0,99.02
95b411d6f943789c2ae3026e60b4267d,1.0,26.153760000000002,26.153760000000002,1.0,46.0,46.0,146.30752
95db17a3b51c14dc8a32d7774e5a3cb7,1.0,16.52,16.52,1.0,46.0,46.0,127.03999999999999
96472ace8bdf75eeb05cb0870271b616,1.0,14.28,14.28,1.0,46.0,46.0,122.56
96848dfc03c5c3bb5505459b217b2bf6,1.0,22.618848,22.618848,1.0,46.0,46.0,139.237696
968c1df9694a80d2cbd1199ee7a55b20,1.0,12.39,12.39,1.0,46.0,46.0,118.78
969a58f3b3721010e7960c760458e150,1.0,5.87,5.87,1.0,46.0,46.0,105.74000000000001
9772ee0fc3b1faa1d5543bcd3bbeb9b1,1.0,22.68,22.68,1.0,46.0,46.0,139.36
97cae208fc82e2deb861ec73db1022ef,1.0,12.28,12.28,1.0,46.0,46.0,118.56
97cf129a9f748dfc88129c6fe7a63260,1.0,8.26,8.26,1.0,46.0,46.0,110.52
97d1f786a3ebf09a20461585ba568f81,1.0,16.39,16.39,1.0,46.0,46.0,126.78
97de60a7467d3948e7af3066568ead98,1.0,14.28,14.28,1.0,46.0,46.0,122.56
982782c440d727b14746455287967e34,1.0,21.92176,21.92176,1.0,46.0,46.0,137.84352
982a44e656d5244fb360f64e3d881de5,1.0,8.39,8.39,1.0,46.0,46.0,110.78
9884946d918d47f17f8d04f2c80cd967,1.0,14.87,14.87,1.0,46.0,46.0,123.74
98f2a4f53797f922631bf4e20bdf00ac,1.0,24.99,24.99,1.0,46.0,46.0,143.98
9960b2a73c28b73d254e7af463756142,1.0,8.37936,8.37936,1.0,46.0,46.0,110.75872
9979cc355bc8d963e09b167b94ca9308,1.0,8.26,8.26,1.0,46.0,46.0,110.52
9a14c52e1f4ad39f93bec7007ced6a68,1.0,24.79,24.79,1.0,46.0,46.0,143.57999999999998
9a2f157c0f62e3d7e3d136202e1a5942,1.0,23.044866,23.044866,1.0,46.0,46.0,140.089732
9a5756ed88dc4c1eb7b281636ef41e5a,1.0,14.28,14.28,1.0,46.0,46.0,122.56
9a9112ee7d03e7d44195d33e6ff9d9bb,2.0,8.38,8.38,2.0,46.0,0.0,66.76
9ad313a310a139c2141afe9c279160cf,1.0,16.285135999999998,16.285135999999998,1.0,46.0,46.0,126.57027199999999
9ae0d4210c635d0c4a33132910806b74,1.0,7.55,7.55,1.0,46.0,46.0,109.1
9aeae5b4303586f7618cd9687b19ffb5,1.0,8.19,8.19,1.0,46.0,46.0,110.38
9b2f4a87217eee6aea2e2e38d6b2a8a8,1.0,12.29,12.29,1.0,46.0,46.0,118.58
9b4e26eb7fe26e586e1a8df9a59cc366,1.0,16.52,16.52,1.0,46.0,46.0,127.03999999999999
9bb0230d3fde32c2f5741ccc5379104a,1.0,25.2,25.2,1.0,46.0,46.0,144.4
9c03d732a945dd0515cd026d15376e01,1.0,14.943292000000001,14.943292000000001,1.0,46.0,46.0,123.886584
9c47c6af15b1691ae95e0d791f965eea,1.0,16.8,16.8,1.0,46.0,46.0,127.6
9cb84de396c509a64df4a33349894562,1.0,12.3202,12.3202,1.0,46.0,46.0,118.6404
9d0cba76dd68ff67acbf033854b002e8,1.0,24.58,24.58,1.0,46.0,46.0,143.16
9d19801e2e7a26cec3c662f1c5580df8,1.0,20.82,20.82,1.0,46.0,46.0,135.64
9d1dd2ee8a9bb4c980e3e23ffb6512e2,1.0,12.49,12.49,1.0,46.0,46.0,118.98
9d9215556f79e14f81dfb7c0c1668451,2.0,52.17028700000001,52.17028700000001,2.0,46.0,0.0,154.340574
9db6f269ea8425f9d31e4ea3762cb4fd,1.0,16.66,16.66,1.0,46.0,46.0,127.32
9deb925fdf51a2e81d75bf1c3aa1389f,1.0,4.16,4.16,1.0,46.0,46.0,102.32
9e099d8862759d24ef2c5ab25bed06ed,1.0,22.618848,22.618848,1.0,46.0,46.0,139.237696
9e694c18cd1f082f54a593f1d4249a4a,1.0,20.48,20.48,1.0,46.0,46.0,134.96
9e6f50df42653515075f95ee84a3b936,1.0,10.92,10.92,1.0,46.0,46.0,115.84
9f20eba73052c62c2286d87d0b164d80,1.0,16.8,16.8,1.0,46.0,46.0,127.6
9f8ab69cac28498dc85a552bf06fb980,2.0,20.15,20.15,2.0,46.0,0.0,90.3
9f8e58c53e4ba6570cc457feca0cc0ee,2.0,23.52,23.52,2.0,46.0,0.0,97.03999999999999
9fb679d86ee3f8e40b595cb8a7561acd,1.0,4.91,4.91,1.0,46.0,46.0,103.82
9fe0178a1719791c99bb5cf669d84628,1.0,6.72,6.72,1.0,46.0,46.0,107.44
9fe9cc1402140413d662b73515baea64,1.0,11.47,11.47,1.0,46.0,46.0,116.94
a002c1978ec4aaebfa62e9163a40769c,1.0,28.144125000000006,28.144125000000006,1.0,46.0,46.0,150.28825
a05ffd91600010178160b7d1e321d1ee,1.0,16.66,16.66,1.0,46.0,46.0,127.32
a06772d1f62ffee7f76ae569d8d3fe2c,1.0,10.92,10.92,1.0,46.0,46.0,115.84
a07ca195f12d5f792769396e5590a746,2.0,6.7,6.7,2.0,46.0,46.0,109.4
a0cf3509556fbaef797a7d1e0d65c513,1.0,7.252921000000001,7.252921000000001,1.0,46.0,46.0,108.505842
a0e0565876c9cc3c444df17bbcfce9e9,1.0,6.71,6.71,1.0,46.0,46.0,107.42
a0e756b7f879d37f85b02486300dfc08,1.0,14.04,14.04,1.0,46.0,46.0,122.08
a109521d2a4fcf54a2fe4d93b0ae7428,1.0,16.66,16.66,1.0,46.0,46.0,127.32
a1727d4b99a1b2343d85f882a258f97a,1.0,16.8,16.8,1.0,46.0,46.0,127.6
a1d14c9066f9c1863d54d616706742ef,1.0,29.16,29.16,1.0,46.0,46.0,152.32
a26390d4df924c6d085a269ddefafa3e,2.0,24.990000000000002,24.990000000000002,2.0,46.0,0.0,99.98
a35db713ec98f03fce23c7fc15d71eed,1.0,6.72,6.72,1.0,46.0,46.0,107.44
a36f3530e7cb99d15b097b3fe86604f2,1.0,6.72,6.72,1.0,46.0,46.0,107.44
a3cef5ca01f059b89aac43287efa5785,1.0,22.68,22.68,1.0,46.0,46.0,139.36
a420e362d84e0fb203af3585633b036f,1.0,12.39,12.39,1.0,46.0,46.0,118.78
a4739a0f80358a384ced28e9d82f3888,1.0,20.65,20.65,1.0,46.0,46.0,135.3
a48bed0bc6d5a4c57c62c31923e8d296,1.0,17.384263,17.384263,1.0,46.0,46.0,128.768526
a4c58e9411f35ca0d60c3b44165c0f8f,1.0,16.79,16.79,1.0,46.0,46.0,127.58
a515440a3b76a9406fb5597b9cd2ae56,1.0,4.09,4.09,1.0,46.0,46.0,102.18
a554bcf2087dd10fa74b80ef4ff9d8c4,1.0,14.87,14.87,1.0,46.0,46.0,123.74
a62db2f84d79ee6677796e37a1062c68,1.0,16.8,16.8,1.0,46.0,46.0,127.6
a6326acb89404cadf911f6531aa192dc,1.0,12.39,12.39,1.0,46.0,46.0,118.78
a6e8fab64809782f21eb3e7203e5a821,1.0,3.30096,3.30096,1.0,46.0,46.0,100.60192
a78f4b4df505cfb42b797c517f87a2db,1.0,8.4,8.4,1.0,46.0,46.0,110.8
a7a836a01b6f05028abc1a39d4d61782,1.0,12.6,12.6,1.0,46.0,46.0,119.2
a7d34f2af49c1f10d8e0d7d54f99ffd8,1.0,8.19,8.19,1.0,46.0,46.0,110.38
a802455abeaf47f9ea079f13690ef77e,1.0,19.32,19.32,1.0,46.0,46.0,132.64
a83624ff8473f93aeac86318feb2fc1d,1.0,16.8,16.8,1.0,46.0,46.0,127.6
a869765ec6fd9fbc5fc78f610aa8e05b,1.0,5.78,5.78,1.0,46.0,46.0,105.56
a878750e9e05aa814d116d0277e700bd,1.0,14.28,14.28,1.0,46.0,46.0,122.56
aa7a598067a4e68aaacbcef648aeca58,1.0,25.2,25.2,1.0,46.0,46.0,144.4
aa8b8e3fcb3559893eb47efc7007e485,1.0,16.52,16.52,1.0,46.0,46.0,127.03999999999999
aaaf4cd6b386bf494386a11923f18ca8,1.0,24.58,24.58,1.0,46.0,46.0,143.16
aaaffa642236087529cbcbe827145dd5,1.0,16.8,16.8,1.0,46.0,46.0,127.6
aac4f7ad87e38c5429fc779a8211ab54,1.0,21.92176,21.92176,1.0,46.0,46.0,137.84352
ab024f52c589bcfe7de319f1ee1204f0,1.0,12.39,12.39,1.0,46.0,46.0,118.78
ab078b720aa359fbb099fd01454c73e9,1.0,11.66,11.66,1.0,46.0,46.0,117.32
abbf1a0bf1951c32321d17e1545bad98,1.0,20.82,20.82,1.0,46.0,46.0,135.64
abd37c7530761b9340f7f00861fb6313,2.0,25.19,25.19,2.0,46.0,0.0,100.38
ac159207e0f003edc891ddab97773b43,1.0,8.19,8.19,1.0,46.0,46.0,110.38
ac22a5745b3dd9942c73032f609b494c,2.0,12.878528,12.878528,2.0,46.0,0.0,75.757056
ac4944e02f6d0ec72f9542e7e75be5e9,1.0,18.099424,18.099424,1.0,46.0,46.0,130.198848
ac6cb12422161cef0505cd24c527e4cd,1.0,4.95,4.95,1.0,46.0,46.0,103.9
ad6cf93a49ae5d1ad21ffb37b0562fe6,1.0,4.99,4.99,1.0,46.0,46.0,103.98
ad6ec0994f27cf6febeafd3580abc8dc,1.0,5.88,5.88,1.0,46.0,46.0,105.75999999999999
ada10a9dbbb68fd9d4de1b73fa096fb8,1.0,16.8,16.8,1.0,46.0,46.0,127.6
adf1e723c3be68698d8528ed00740997,1.0,12.29,12.29,1.0,46.0,46.0,118.58
ae0237719d625fae74631d3252fca83c,1.0,12.29,12.29,1.0,46.0,46.0,118.58
ae2815940e4532e8d6d6302024288be8,1.0,14.74,14.74,1.0,46.0,46.0,123.48
ae8e3cb1cd66c275e5b788e9990bad96,2.0,21.83,21.83,2.0,46.0,0.0,93.66
afc233dca0f181cf38613d7cd428ebe9,1.0,11.76496,11.76496,1.0,46.0,46.0,117.52992
afd70774b537a03fe6f824aeeaa67c48,1.0,41.66,41.66,1.0,46.0,46.0,177.32
afef716e2626d1c03433ecf5d42454fc,1.0,25.2,25.2,1.0,46.0,46.0,144.4
aff9fbb989a5620588944a6bd23d8b00,1.0,41.31,41.31,1.0,46.0,46.0,176.62
b047ef4a7df9735c6bcfc86c5d226f95,1.0,25.2,25.2,1.0,46.0,46.0,144.4
b048867fe763928c73a9ca83624f5684,1.0,8.37936,8.37936,1.0,46.0,46.0,110.75872
b056520124a63f2e71af12b35ebcf62c,1.0,8.33,8.33,1.0,46.0,46.0,110.66
b05a75b257507e8ae401cb069b3ef6b4,1.0,21.0,21.0,1.0,46.0,46.0,136.0
b0d06d3488bc47a8b7da929d035b98db,1.0,20.65,20.65,1.0,46.0,46.0,135.3
b0d0b4c54be72f5dd1c71bce54f4c787,1.0,24.79,24.79,1.0,46.0,46.0,143.57999999999998
b12d42e82ca2324be87511458e85604a,2.0,16.38,16.38,2.0,46.0,46.0,128.76
b1631fc31d0ff90021b74855d37347ea,1.0,41.66,41.66,1.0,46.0,46.0,177.32
b16712eb8630354b00aefd4468732a56,1.0,8.39,8.39,1.0,46.0,46.0,110.78
b1dfaa36bca4d7a1600fd1704d1e3a31,1.0,14.28,14.28,1.0,46.0,46.0,122.56
b21e4afd2dd74368109e87a0d6fea91d,2.0,14.505842000000001,14.505842000000001,2.0,46.0,0.0,79.011684
b24e4317495677de806c36775e7278a8,2.0,13.1,13.1,2.0,46.0,46.0,122.2
b2deba9e3ebdde0f618f391aec3ec3e8,1.0,6.72,6.72,1.0,46.0,46.0,107.44
b3224aaded2e8929ec0a8187d667a9d6,1.0,20.65,20.65,1.0,46.0,46.0,135.3
b3256447c9e6d8770cfc11993e028265,1.0,8.4,8.4,1.0,46.0,46.0,110.8
b36005d69f017c609fea3072b4ed1a46,1.0,22.68,22.68,1.0,46.0,46.0,139.36
b373096eaf8084f7d1a45b18bd601e7f,2.0,8.26,8.26,2.0,46.0,46.0,112.52
b38c01f016085a4c1180602db2c569f6,1.0,8.19,8.19,1.0,46.0,46.0,110.38
b4a96adcef44412c548271f6c208b227,1.0,25.2,25.2,1.0,46.0,46.0,144.4
b4b88edfccc4364d463bb7f2c512b791,1.0,11.76,11.76,1.0,46.0,46.0,117.52
b4c47670c2f4fe672ca0cbcc784d33c1,1.0,22.49,22.49,1.0,46.0,46.0,138.98
b51f33ebfc3a1c589e06f4de78347538,1.0,25.2,25.2,1.0,46.0,46.0,144.4
b53174c9ff27eebedf09ba17e32bf65e,2.0,16.509999999999998,16.509999999999998,2.0,46.0,0.0,83.02
b53573d756b7ba6d3c4dde75aeac81bc,1.0,20.48,20.48,1.0,46.0,46.0,134.96
b556ceb837eec649585ebc75ff8a8f4e,1.0,16.52,16.52,1.0,46.0,46.0,127.03999999999999
b55df112377c6d80cd7c2aff05dbbe07,1.0,12.49,12.49,1.0,46.0,46.0,118.98
b5abbb7820b553439ef572382a054f3f,1.0,4.19,4.19,1.0,46.0,46.0,102.38
b603ce18f914d3afe29a81dac42d62f9,1.0,24.58,24.58,1.0,46.0,46.0,143.16
b613e5971f2ce4b435ed7976004b3495,1.0,16.8,16.8,1.0,46.0,46.0,127.6
b62fdfb59c2fe6d4ee3c8363a794fc87,2.0,13.1,13.1,2.0,46.0,46.0,122.2
b6425bcf04d3f90517133743afd985bb,1.0,16.8,16.8,1.0,46.0,46.0,127.6
b65fe299579ea628f168944e22c06045,1.0,8.25,8.25,1.0,46.0,46.0,110.5
b6821a7b6b1ba9e1ed85657e4c19b5b1,2.0,21.83,21.83,2.0,46.0,0.0,93.66
b687b0d51d6d745fe821f91fcf76d08b,1.0,4.91,4.91,1.0,46.0,46.0,103.82
b6ef64386746b61f2545473688cdcf3b,1.0,22.68,22.68,1.0,46.0,46.0,139.36
b6f88e3e44f2bb9002180c8e9ec7d71d,1.0,14.28,14.28,1.0,46.0,46.0,122.56
b729fb3bf84241f1043459b4afe8072d,1.0,14.28,14.28,1.0,46.0,46.0,122.56
b799cc82ededd204555d94735be044fc,1.0,18.099424,18.099424,1.0,46.0,46.0,130.198848
b7e26cfdb9c495dd609ff419c3ba3738,1.0,5.73,5.73,1.0,46.0,46.0,105.46000000000001
b7ff037bc5400c8df280065b53775f93,1.0,16.39,16.39,1.0,46.0,46.0,126.78
b838eebbf705f01c53e36aa713e59a69,1.0,5.73,5.73,1.0,46.0,46.0,105.46000000000001
b87eb40c33fc450f66e88f45788060a1,1.0,12.49,12.49,1.0,46.0,46.0,118.98
b89b4ac4dd785452e71f3b8e4f93b215,1.0,24.99,24.99,1.0,46.0,46.0,143.98
b8a6bc01438d0466f9be5f6f1c26d510,1.0,12.49,12.49,1.0,46.0,46.0,118.98
b8eab33c46027c091bd13e28626a2717,1.0,5.87,5.87,1.0,46.0,46.0,105.74000000000001
b90a1e38d69b42efd13c6c75041fc4ee,1.0,14.27,14.27,1.0,46.0,46.0,122.53999999999999
b93a7bc016f1743f69492c11d91d6324,2.0,17.630000000000003,17.630000000000003,2.0,46.0,0.0,85.26
b95a94f42b150d75252c296138767c1e,1.0,8.19,8.19,1.0,46.0,46.0,110.38
b9c71fc5bd53b41e6e1ebc41aff81d08,2.0,8.4,8.4,2.0,46.0,46.0,112.8
b9f9df67ed4c3a73fe3c4ddb0dbfd8f7,2.0,20.479999999999997,20.479999999999997,2.0,46.0,0.0,90.96
ba0183c36c91ab0aa9fe2422e50ef283,1.0,72.26,72.26,1.0,46.0,46.0,238.52
ba0f19f1f4b4bb4b18e450f42008d391,1.0,8.25,8.25,1.0,46.0,46.0,110.5
ba3529f16c169826785e250eb01afb38,1.0,14.28,14.28,1.0,46.0,46.0,122.56
ba444cf83b87a31a5b67b642b7753599,1.0,8.33,8.33,1.0,46.0,46.0,110.66
ba7363d83185f3ccb1d7843a03c2e653,1.0,25.2,25.2,1.0,46.0,46.0,144.4
ba849ea13654489d56bde4ab21888990,1.0,8.929455,8.929455,1.0,46.0,46.0,111.85891000000001
bab8017e38c1f251423656360111f62b,2.0,8.32,8.32,2.0,46.0,0.0,66.64
bb004ebb61e98c946f4340b381bdf4e6,1.0,4.09,4.09,1.0,46.0,46.0,102.18
bb12cef97123389fe2c607cf1b52374d,1.0,21.0,21.0,1.0,46.0,46.0,136.0
bb2085b411d2f2104b1a33366eb224cb,1.0,22.618848,22.618848,1.0,46.0,46.0,139.237696
bb2787d248235c754503d1e15c39a19e,1.0,5.6343559999999995,5.6343559999999995,1.0,46.0,46.0,105.268712
bb7261b518e2baf1d6717bd0a1cbe20d,1.0,16.52,16.52,1.0,46.0,46.0,127.03999999999999
bbc5346265a707c4105dfc7a9fc6e871,1.0,12.29,12.29,1.0,46.0,46.0,118.58
bbd54205efacb123d3b4c01ef3d07e4b,4.0,54.59,54.59,4.0,46.0,0.0,163.18
bc9a6d110d06200ec486a2a5a4062080,1.0,19.66,19.66,1.0,46.0,46.0,133.32
bcc6e87e340bb3b669e1678546f14d8b,4.0,30.549999999999997,30.549999999999997,4.0,46.0,0.0,115.1
bcef095acfb35ab7eb0b13db95a0eb8a,2.0,31.39,31.39,2.0,46.0,0.0,112.78
bcf7e5c4158e8cdecb84c71a3b53ce0f,1.0,5.73,5.73,1.0,46.0,46.0,105.46000000000001
bcfb7fe4b6ffed5bfc05d5d190317d55,1.0,12.6,12.6,1.0,46.0,46.0,119.2
bd039b330e390965947f898bcd1e94c9,1.0,4.99,4.99,1.0,46.0,46.0,103.98
bd6684cabe8f27a3d04d85302d6e7c4e,1.0,22.68,22.68,1.0,46.0,46.0,139.36
bd8981ff218b94aabef61382a4816fb8,1.0,21.0,21.0,1.0,46.0,46.0,136.0
bdb77ec114e1018444ab837c9f5829a9,2.0,27.76192,27.76192,2.0,46.0,0.0,105.52384
be0addf01e782644955a4a383ffce461,1.0,8.19,8.19,1.0,46.0,46.0,110.38
be71ebca21ddf12d84870bc2692beb24,6.0,36.910000000000004,36.910000000000004,6.0,46.0,0.0,131.82
be985cf7e5cc1b51d4eba7e5b9e31a97,1.0,10.65,10.65,1.0,46.0,46.0,115.3
becd54c29d7b84975210fc6f0737dda4,1.0,24.58,24.58,1.0,46.0,46.0,143.16
bee03bcad6d6a758d20c07244dc01e34,1.0,20.82,20.82,1.0,46.0,46.0,135.64
bf2ad381596a1163827f703e4881b049,1.0,16.8,16.8,1.0,46.0,46.0,127.6
bf7fbc810ccf93cf938da77e2bab6ba2,1.0,8.39,8.39,1.0,46.0,46.0,110.78
c02d3136e1454675d8b08bb20979ef67,3.0,29.729999999999997,29.729999999999997,3.0,46.0,0.0,111.46
c112100413f90ef6bb2c4b7c9d39419f,1.0,6.66,6.66,1.0,46.0,46.0,107.32
c173ad2049231a9d81a653c24afbb941,1.0,7.37,7.37,1.0,46.0,46.0,108.74000000000001
c18e3e801b588856c2a9ad87d30045dd,1.0,20.66,20.66,1.0,46.0,46.0,135.32
c3238c37a2c807b93c1e1a284f7ca032,1.0,7.49,7.49,1.0,46.0,46.0,108.98
c3348d8f12057ddfa99bc130daec638e,2.0,40.97,40.97,2.0,46.0,0.0,131.94
c3568d3bcf9e9998a722a044ccf91082,1.0,24.79,24.79,1.0,46.0,46.0,143.57999999999998
c36c5bfcc6b876ec6d62826d8f5d27c4,1.0,14.28,14.28,1.0,46.0,46.0,122.56
c370c5c075d9cd1fca94bb3d818cc93d,2.0,13.1,13.1,2.0,46.0,0.0,76.2
c396a072240d3fef314f98e26c4f2dd7,1.0,12.29,12.29,1.0,46.0,46.0,118.58
c3c85ceb7f0f0790b12b5949ccd76d39,1.0,11.76,11.76,1.0,46.0,46.0,117.52
c42fe04967a05e36455f09c1e4f28bb4,1.0,20.65,20.65,1.0,46.0,46.0,135.3
c460d455195b0885ff6722c7326a679e,1.0,9.27394,9.27394,1.0,46.0,46.0,112.54787999999999
c4d46485f165b4775379651121a3744f,1.0,8.19,8.19,1.0,46.0,46.0,110.38
c56b4f1f85cd8eb0a4fb436aa2714e93,1.0,41.31,41.31,1.0,46.0,46.0,176.62
c5ba71a6b85197faf13bd1ca794b4d44,1.0,50.41,50.41,1.0,46.0,46.0,194.82
c5c68326df184884d80cb26ec430d461,1.0,21.0,21.0,1.0,46.0,46.0,136.0
c5e8f864a926cf42ec9282724e683227,1.0,46.71,54.9,2.0,46.0,46.0,196.61
c5f9aa417d6cd21ef61c3cef38f86370,6.0,107.52,107.52,6.0,46.0,0.0,273.03999999999996
c6343fa50ed96ff3c83bde7bef61c3fb,1.0,7.36,7.36,1.0,46.0,46.0,108.72
c6914dc16650ec8105735be93214d9e0,1.0,8.32,8.32,1.0,46.0,46.0,110.64
c69616a981e744939fbe755614ce58c9,1.0,42.01,42.01,1.0,46.0,46.0,178.01999999999998
c6ae484c100a64dfecc3dbcc5b4576ce,1.0,24.78,24.78,1.0,46.0,46.0,143.56
c6c57336893245591433174fbfdef3df,1.0,29.4,29.4,1.0,46.0,46.0,152.8
c71fe1647b550eba34d6091068110ade,1.0,14.16,14.16,1.0,46.0,46.0,122.32
c76812a6f5860d5822198652449a56f5,1.0,12.39,12.39,1.0,46.0,46.0,118.78
c82b0f42c2b7fefc3005cf65f09013b7,1.0,15.96,15.96,1.0,46.0,46.0,125.92
c832361841203ba01c26cef58111cbff,1.0,16.8,16.8,1.0,46.0,46.0,127.6
c881dc9977882001f3859848a67cc4db,1.0,16.39,16.39,1.0,46.0,46.0,126.78
c96424ffd7670c39324cffa8c6afc367,1.0,25.21,25.21,1.0,46.0,46.0,144.42000000000002
c98c51c1c83eaf330ebc8fef3e1b8602,1.0,8.26,8.26,1.0,46.0,46.0,110.52
c9ab07330f144c98fb3a4a975411a078,1.0,6.71,6.71,1.0,46.0,46.0,107.42
ca1926a10123ca5ab63e7e37cddfa2bb,1.0,7.55,7.55,1.0,46.0,46.0,109.1
ca6686340249047e70848db34f63ee7e,1.0,18.02,18.02,1.0,46.0,46.0,130.04
ca8d4c90ccf7d44b2e60328f818939b2,2.0,29.4,29.4,2.0,46.0,0.0,108.8
cac1e4e2745c8cbf4d3783a851ece99f,1.0,22.68,22.68,1.0,46.0,46.0,139.36
caf9c70c1ad42029b4f7d864c555af63,1.0,22.76816,22.76816,1.0,46.0,46.0,139.53632
cb3029312b8783dd074d9c34150400f6,1.0,11.47,11.47,1.0,46.0,46.0,116.94
cb533a74d6cadf3af2b7f1dc09b16128,1.0,16.8,16.8,1.0,46.0,46.0,127.6
cb722002451c52363016a35b1818486b,1.0,22.49,22.49,1.0,46.0,46.0,138.98
cbf4d88ba114c3b023e51f3da24ebe50,1.0,8.19,8.19,1.0,46.0,46.0,110.38
cc39e34cc7554a6f37cff757d4ce0655,1.0,8.26,8.26,1.0,46.0,46.0,110.52
cc3b4e284ed172ce05119bfec4dad09b,2.0,20.990000000000002,20.990000000000002,2.0,46.0,0.0,91.98
cc768e278fe17d927b9dd01e02f0f028,1.0,21.0,21.0,1.0,46.0,46.0,136.0
cc7777a4e7f53f2c8d9676b2e4a7b32c,1.0,10.91,10.91,1.0,46.0,46.0,115.82
cd3e0071f3b49f9f633fe0d067dfc755,1.0,7.55,7.55,1.0,46.0,46.0,109.1
cd7ac6d96ad510f5dc20c7d7d89ad528,2.0,23.32,23.32,2.0,46.0,46.0,142.64
ce1fd28ccfca234107ec3871d5b8c6b3,1.0,16.39,16.39,1.0,46.0,46.0,126.78
ce6717652eaee8b374d3cf8e60b60c42,1.0,5.73,5.73,1.0,46.0,46.0,105.46000000000001
ce79fd819d671b289392a2998bc4b45c,1.0,29.4,29.4,1.0,46.0,46.0,152.8
cf094392703a3b75a850bb29108c8b65,2.0,32.84032,32.84032,2.0,46.0,0.0,115.68064
cf7b05eb54296a3248b682274dbaa793,1.0,10.07,10.07,1.0,46.0,46.0,114.14
cfbc0202b3357e31b21f073fe114d5e8,1.0,24.79,24.79,1.0,46.0,46.0,143.57999999999998
cff17b31ac5b41f997870b71c2f3c332,1.0,5.87,5.87,1.0,46.0,46.0,105.74000000000001
d0d7a76fea3729a9381d39aca78b52d3,1.0,22.68,22.68,1.0,46.0,46.0,139.36
d10c7f6f220f54ed156764a372be3560,1.0,11.691444,11.691444,1.0,46.0,46.0,117.38288800000001
d12580eb541e601191412c2d9488ac2f,1.0,5.04,5.04,1.0,46.0,46.0,104.08
d1352a76e326e1c7a009c709707a72ce,1.0,20.65,20.65,1.0,46.0,46.0,135.3
d15209920f970e3ad0f035b663bb19df,1.0,42.0,42.0,1.0,46.0,46.0,178.0
d1a72a25ccdce85adb62e8fa70fa9b14,1.0,16.8,16.8,1.0,46.0,46.0,127.6
d1d0e1b9ff53d17a2661b71cffa660fd,1.0,6.66,6.66,1.0,46.0,46.0,107.32
d22428ad2a804d2147d6f8443980d549,1.0,13.45776,13.45776,1.0,46.0,46.0,120.91552
d2501f42b0f919360bacfc363516635c,1.0,28.68,28.68,1.0,46.0,46.0,151.36
d2fc959082651ca4c1222174a7095e63,1.0,21.0,21.0,1.0,46.0,46.0,136.0
d30c0dc829fb232392e58a67809ff6e4,1.0,12.29,12.29,1.0,46.0,46.0,118.58
d349964b3eb4da481b7f2b54e2131656,2.0,35.28,35.28,2.0,46.0,0.0,120.56
d34ff0982abac1ed84a4c457a287a0ea,1.0,16.285135999999998,16.285135999999998,1.0,46.0,46.0,126.57027199999999
d40fe9383b73192d6e5d5c1f5bbb6b7b,1.0,27.149136,27.149136,1.0,46.0,46.0,148.298272
d41ecc4eab57ee6338deea84af127344,1.0,7.37,7.37,1.0,46.0,46.0,108.74000000000001
d45c84e4515ddb52789c789ed28fcf37,1.0,9.27394,9.27394,1.0,46.0,46.0,112.54787999999999
d4820f5480913e3876ecdc106cba887c,1.0,21.0,21.0,1.0,46.0,46.0,136.0
d488e05125e11b65443d9ff7c9c6bb1b,1.0,8.26,8.26,1.0,46.0,46.0,110.52
d4c62f86f304cb4d7a2bf816c622188c,1.0,12.51107,12.51107,1.0,46.0,46.0,119.02214000000001
d4cc285dc83b907c6ed2fbba355c71ef,3.0,33.03,33.03,3.0,46.0,0.0,118.06
d4f5912d68b39dbea2a9902411f99fdf,1.0,11.706161999999999,11.706161999999999,1.0,46.0,46.0,117.412324
d59130128653557dab21d20f925f31ef,1.0,1.67,1.67,1.0,46.0,46.0,97.34
d5e5abb45a77b209d9d1ab35a6c69d09,1.0,10.91,10.91,1.0,46.0,46.0,115.82
d62c88f99006321ff984ab60852fbeff,1.0,7.55,7.55,1.0,46.0,46.0,109.1
d65292df445e52eec1267227511dce32,1.0,14.74,14.74,1.0,46.0,46.0,123.48
d6eca2564da267bb097e53d92a2f199d,2.0,20.980102,20.980102,2.0,46.0,46.0,137.960204
d6f2d9694fd9f3e2cda53728bdabd9f0,1.0,6.72,6.72,1.0,46.0,46.0,107.44
d7034abf7f3d6ea50412f2d20b7e5608,2.0,12.58,12.58,2.0,46.0,0.0,75.16
d70c4633d4e41eeb0b9bb6a442eb1938,1.0,16.8,16.8,1.0,46.0,46.0,127.6
d7de472dd359d37ba30c013f6f4700ff,2.0,16.38,16.38,2.0,46.0,46.0,128.76
d8214484275367f70309294000205777,2.0,25.189999999999998,25.189999999999998,2.0,46.0,0.0,100.38
d8bd29315bd1dda275c322452ea38d7b,1.0,5.88,5.88,1.0,46.0,46.0,105.75999999999999
d9159737631c1c732f32a170e77e1de3,1.0,24.58,24.58,1.0,46.0,46.0,143.16
d926ab2e7d39f85a410385de7d99ad1e,1.0,16.39,16.39,1.0,46.0,46.0,126.78
d95965b016ec4fadb463f7ed880d39df,1.0,5.88,5.88,1.0,46.0,46.0,105.75999999999999
d96e0a78d7dedc28619be16c22ff1aba,2.0,10.833920000000003,10.833920000000003,2.0,46.0,0.0,71.66784000000001
d9ade4e33c61b4508923ab81dab9a7a4,1.0,7.55,7.55,1.0,46.0,46.0,109.1
d9c9e88bf52a3a32e77fc727e4e35804,1.0,8.19,8.19,1.0,46.0,46.0,110.38
da1a78f450eb54d99a60834241d471fc,1.0,6.66851,6.66851,1.0,46.0,46.0,107.33702
da310fca574e3c08c50a9bc62a9cfc4f,1.0,23.02208,23.02208,1.0,46.0,46.0,140.04416
db23503736ee1139dac677f77587d87f,1.0,8.26,8.26,1.0,46.0,46.0,110.52
db468614bc68d225fb35caf062765dc0,1.0,5.04,5.04,1.0,46.0,46.0,104.08
db58687ae0a6dc28a6a11a03413df0be,1.0,11.706161999999999,11.706161999999999,1.0,46.0,46.0,117.412324
dbc941c9ab06c81ea71dc56f2385316b,1.0,6.66851,6.66851,1.0,46.0,46.0,107.33702
dbe382a64b13706247cc149ed36fb2ac,1.0,23.622235,23.622235,1.0,46.0,46.0,141.24447
dc8979d5ac9a94101292bb5f84aa9d24,1.0,41.31,41.31,1.0,46.0,46.0,176.62
dccd0a973f1fb87796ca55e33039a910,1.0,41.66,41.66,1.0,46.0,46.0,177.32
dd0459a8f41084b2bbc484b918f63a68,2.0,34.41,34.41,2.0,46.0,0.0,118.82
ddc602c59b7c3aca996b4e4eef0ec4f4,1.0,5.03,5.03,1.0,46.0,46.0,104.06
dde2a0e92e90b3722427340b0813a745,1.0,12.29,12.29,1.0,46.0,46.0,118.58
ddf82f492d8145cf525be8227ae4b9a8,1.0,22.68,22.68,1.0,46.0,46.0,139.36
ddfe2eae3345135a343882d8fb434ce8,1.0,6.55,6.55,1.0,46.0,46.0,107.1
de1b59dcd0a16992c7cb5347d0f0511e,1.0,12.29,12.29,1.0,46.0,46.0,118.58
df2f38e04192feb99c99b73c529df93d,1.0,20.48,20.48,1.0,46.0,46.0,134.96
df4b703be83be9864d99202445ba2306,2.0,21.84,21.84,2.0,46.0,46.0,139.68
e072f4075543b941df6279926581eb6e,1.0,22.618848,22.618848,1.0,46.0,46.0,139.237696
e0a79dca48931c0e584a87ac9644b9e1,1.0,19.32,19.32,1.0,46.0,46.0,132.64
e0d61518326891dbc027ad8daf60fcfa,1.0,18.099424,18.099424,1.0,46.0,46.0,130.198848
e0db99c057bd5662f0219ed165b2b954,2.0,12.379999999999999,12.379999999999999,2.0,46.0,0.0,74.75999999999999
e119efec62057dcd5cb4085762b10a4a,1.0,8.4,8.4,1.0,46.0,46.0,110.8
e11a26fc3e56871b6ecc09e809667b39,1.0,11.56,11.56,1.0,46.0,46.0,117.12
e147a6d1a89eda0ecbaa55326dba97d7,1.0,16.38,16.38,1.0,46.0,46.0,126.75999999999999
e14dc3129b4eac4654a578936d01bce9,1.0,11.46,11.46,1.0,46.0,46.0,116.92
e16f43a4ac9917e81f1273153f1dd648,1.0,8.39,8.39,1.0,46.0,46.0,110.78
e18ae4867b6c5a303fe81d5b26934200,1.0,14.28,14.28,1.0,46.0,46.0,122.56
e18e9fe7ea8d3aadf72af335bbf01a9b,2.0,12.59,12.59,2.0,46.0,0.0,75.18
e1907f0001eb1615e6f175c9bd05c596,1.0,10.08,10.08,1.0,46.0,46.0,114.16
e1929ca4be06aef180baca6502d92d21,1.0,16.8,16.8,1.0,46.0,46.0,127.6
e22731b1883bcff49f49f00b55c13573,1.0,7.43,7.43,1.0,46.0,46.0,108.86
e2511eb658e1f8f1ec8823a76bb18b4a,1.0,23.32,23.32,1.0,46.0,46.0,140.64
e2a1998ebdce535c21d1c322a5d48191,1.0,23.13,23.13,1.0,46.0,46.0,140.26
e2f09adff4a06b27b959a7e7c1d11c9d,1.0,9.83,9.83,1.0,46.0,46.0,113.66
e38de0baa17260690d670105c4ccd34a,1.0,15.7096,15.7096,1.0,46.0,46.0,125.4192
e4d45dad3394497053bca4d447e00c06,1.0,16.39,16.39,1.0,46.0,46.0,126.78
e54e9020c76515602c5c17e2f7009435,1.0,12.6,12.6,1.0,46.0,46.0,119.2
e571c2d1240807ff21ce436fb3fbfc52,1.0,19.32,19.32,1.0,46.0,46.0,132.64
e574c7c72dde8acf27fafbd5113cd44c,1.0,16.8,16.8,1.0,46.0,46.0,127.6
e595124eff381ccf6e034bc4d1c19869,1.0,14.74,14.74,1.0,46.0,46.0,123.48
e5c9b880151b60e723b77938346d6cb0,1.0,19.32,19.32,1.0,46.0,46.0,132.64
e5e165a69d4b545836845cf0a0ce8575,1.0,7.55,7.55,1.0,46.0,46.0,109.1
e61e5cf0e50567feaf518e0831cb2fd2,2.0,52.050000000000004,52.050000000000004,2.0,46.0,0.0,154.10000000000002
e6d6a020cc636b9362e1226fa5b434dd,1.0,25.2,25.2,1.0,46.0,46.0,144.4
e735503dc5794ef779d00bb9d9e254db,1.0,7.55,7.55,1.0,46.0,46.0,109.1
e7b6ea94e6be40ef0256d0fec84cdfff,2.0,28.68,28.68,2.0,46.0,0.0,107.36
e7fcc9411ca29b1a4a8359de72c6eec3,1.0,22.76816,22.76816,1.0,46.0,46.0,139.53632
e89d6fe794eebb2465dad6a18055a3a1,1.0,41.32,41.32,1.0,46.0,46.0,176.64
e8e85f695b8c741cacd9feebacbb3c81,1.0,25.2,25.2,1.0,46.0,46.0,144.4
e938c840c4b4e56ea2789d1846d327da,1.0,12.61136,12.61136,1.0,46.0,46.0,119.22272
e98317e5fb1ff9e2a1f6d02fba6d9ed1,1.0,22.68,22.68,1.0,46.0,46.0,139.36
ea3a387d960f79352e8466d116f480e6,1.0,16.39,16.39,1.0,46.0,46.0,126.78
ea60b2deb388a65c69a7c51a71aade7d,1.0,11.65,11.65,1.0,46.0,46.0,117.3
ead7d9f5ec4ba628f34bd9c7357bfa6e,1.0,8.26,8.26,1.0,46.0,46.0,110.52
eb0daa41a23f42e529e2e7740bec6f33,1.0,3.3,3.3,1.0,46.0,46.0,100.6
eb50e841e0bf877081bba6748c38c71b,1.0,6.850467,6.850467,1.0,46.0,46.0,107.700934
eb96a4260deb7f7af94990d2b8e0b3f6,2.0,21.83,21.83,2.0,46.0,0.0,93.66
ebed388b313980229387211634793858,1.0,16.8,16.8,1.0,46.0,46.0,127.6
ecbc5e0c6eb4908194a5986b44365aaf,2.0,39.66,39.66,2.0,46.0,0.0,129.32
ecc3eb78395d8ee16832b3d54bb1f1d8,1.0,29.125421000000003,29.125421000000003,1.0,46.0,46.0,152.250842
ecf3de598263a1baa07ca3fcfbe82b96,1.0,25.2,25.2,1.0,46.0,46.0,144.4
ed1e4332d035271c509dc5c837e8049b,1.0,19.66,19.66,1.0,46.0,46.0,133.32
ed2791dab17eb4f23b5b2509f08e3822,2.0,9.940560000000001,9.940560000000001,2.0,46.0,0.0,69.88112000000001
ed5fc9d3955073460282c6095d1902c2,1.0,8.19,8.19,1.0,46.0,46.0,110.38
ed9d1309df1062caeee44d09b09ec599,1.0,42.01,42.01,1.0,46.0,46.0,178.01999999999998
edafe8fb6476f398f14e42acfb18142c,2.0,27.71,27.71,2.0,46.0,0.0,105.42
eddbf264f6f90fb53e2ace0f06f8525f,1.0,16.8,16.8,1.0,46.0,46.0,127.6
ede4322ad53dd99c5302862972cb386d,2.0,12.6,12.6,2.0,46.0,0.0,75.2
eea5e037d6bd3dec8170f481334f22b3,1.0,10.91856,10.91856,1.0,46.0,46.0,115.83712
eef2ed08b1f18cab069ca4bf77015e27,6.0,27.21,27.21,6.0,46.0,0.0,112.42
f0856daa1f36db901b72295918e6e5ab,1.0,21.0,21.0,1.0,46.0,46.0,136.0
f09ab5835be0770cdb06f273037f42e1,2.0,20.80456,20.80456,2.0,46.0,0.0,91.60911999999999
f14519f50972d41809d8bcd04ed30151,2.0,27.72,27.72,2.0,46.0,0.0,105.44
f1b2a83cb9ca93f1862a3136ff68b624,1.0,20.48,20.48,1.0,46.0,46.0,134.96
f1d5adab4b423e963abcfecba5ce715b,1.0,6.71,6.71,1.0,46.0,46.0,107.42
f2eabbce1c92a4b4b650fa8f5d321a70,1.0,4.09,4.09,1.0,46.0,46.0,102.18
f3a79b5677c8b85e427f53fc49565f0c,1.0,16.38,16.38,1.0,46.0,46.0,126.75999999999999
f3e6a830731af5264e4178206dd117e5,1.0,12.6,12.6,1.0,46.0,46.0,119.2
f468b6d331c4f6f581599e4601b5c18f,1.0,25.30736,25.30736,1.0,46.0,46.0,144.61472
f4a64bcd7ffe5cea57b2ea840d987588,1.0,5.03,5.03,1.0,46.0,46.0,104.06
f4eb8cbadaae1d22667731e1dd2153f8,1.0,24.99,24.99,1.0,46.0,46.0,143.98
f4f630bca2e916711a346471c87d4165,1.0,50.41,50.41,1.0,46.0,46.0,194.82
f4ff820236ced19cb5258ed0ab28694d,1.0,16.8,16.8,1.0,46.0,46.0,127.6
f50f20c1d0e6f9ab5061b79b0a16dbba,1.0,15.15056,15.15056,1.0,46.0,46.0,124.30112
f5b050535dbc3c4ae2da7cac47909d19,1.0,16.52,16.52,1.0,46.0,46.0,127.03999999999999
f5b693fbd313c3d9093c9f83a509f488,1.0,10.83,10.83,1.0,46.0,46.0,115.66
f5cbc532ca911de3580442160ed5f423,2.0,40.98,40.98,2.0,46.0,46.0,177.95999999999998
f6210143d3560ba63ae9f48365b939b5,2.0,27.85,27.85,2.0,46.0,0.0,105.7
f640cee4ea382e6678503a530ed8a046,3.0,220.8,220.8,3.0,46.0,0.0,493.6
f8392df2d1444a54760c6c5ac4f9ed8b,1.0,24.58,24.58,1.0,46.0,46.0,143.16
f83a4817b2b58f66d8401fa4fb2f3a0d,1.0,24.79,24.79,1.0,46.0,46.0,143.57999999999998
f8789b11253cc2c79f8bf18ffe74d399,1.0,7.798310000000001,7.798310000000001,1.0,46.0,46.0,109.59662
f886e793a5309cbbd112fbcf5c3cbf4c,1.0,21.0,21.0,1.0,46.0,46.0,136.0
f8a1425b96160628511729b84f14e1f0,1.0,10.92,10.92,1.0,46.0,46.0,115.84
f95e7605dfea555106463c582f2f9e62,2.0,24.98,24.98,2.0,46.0,46.0,145.96
fa4eae692d268b194479527be18ae422,1.0,16.8,16.8,1.0,46.0,46.0,127.6
fa8757ff57c77e9287125a5a331036ce,1.0,16.8,16.8,1.0,46.0,46.0,127.6
fa924065344c18b2d87ef75f1751c1be,1.0,29.4,29.4,1.0,46.0,46.0,152.8
faa690148045623d81e4e782dec64078,4.0,36.32,36.32,4.0,46.0,46.0,172.64
fb02c25b68772c299d8d2fa409abff94,1.0,21.0,21.0,1.0,46.0,46.0,136.0
fbbd2a85558cb6bb36f0cdb3aada499b,1.0,16.8,16.8,1.0,46.0,46.0,127.6
fc1964348e01252f1a60c9b0f2e4b4bd,1.0,14.16,14.16,1.0,46.0,46.0,122.32
fc4a7e805ca3c6111c949abf12ae9082,1.0,42.01,42.01,1.0,46.0,46.0,178.01999999999998
fcbe20e0ea48d1ee87a2bd787e80f056,1.0,8.19,8.19,1.0,46.0,46.0,110.38
fda14dca5b68be8816ff528697e46d06,1.0,16.8,16.8,1.0,46.0,46.0,127.6
fe8dfadea637f365a921b83c64f653ae,1.0,25.2,25.2,1.0,46.0,46.0,144.4
feb1ebc7a7aa6a696348cf91faa31cd2,2.0,14.27,14.27,2.0,46.0,0.0,78.53999999999999
fed6ef776e7218dfcbff19df1ad88c6a,1.0,23.622235,23.622235,1.0,46.0,46.0,141.24447
ff087063b972a562efbf25a90efd56a9,1.0,5.87,5.87,1.0,46.0,46.0,105.74000000000001
ff9ba0047777a5aec06c692d8692a480,1.0,20.49,20.49,1.0,46.0,46.0,134.98
